Date,Building,Energy_kWh,Water_Liters,Occupancy
2025-07-25 00:02:20,Lab Building,36.28,515.76,53
2025-07-25 00:02:25,Library,83.47,303.99,21
2025-07-25 00:02:30,Library,98.51,432.14,28
2025-07-25 00:02:35,Main Hall,75.51,804.88,32
2025-07-25 00:02:40,Library,89.68,514.1,18
2025-07-25 00:02:45,Main Hall,64.0,416.39,54
2025-07-25 00:02:50,Lab Building,45.73,213.71,83
2025-07-25 00:02:55,Library,36.47,375.97,67
2025-07-25 00:03:00,Lab Building,80.79,271.21,91
2025-07-25 00:03:05,Library,86.3,476.56,30
2025-07-25 00:03:10,Lab Building,53.88,850.53,56
2025-07-25 00:03:15,Cafeteria,66.84,360.45,36
2025-07-25 00:03:20,Cafeteria,24.49,724.22,92
2025-07-25 00:03:25,Library,56.85,741.62,82
2025-07-25 00:03:30,Main Hall,92.27,738.37,52
2025-07-25 00:03:35,Cafeteria,83.02,310.24,94
2025-07-25 00:03:40,Cafeteria,41.24,728.74,87
2025-07-25 00:03:45,Cafeteria,30.77,925.64,43
2025-07-25 00:03:50,Lab Building,35.18,374.39,26
2025-07-25 00:03:55,Main Hall,32.99,719.78,61
2025-07-25 00:04:00,Admin Block,63.4,699.68,50
2025-07-25 00:04:05,Lab Building,42.79,753.44,52
2025-07-25 00:04:10,Admin Block,94.85,319.81,41
2025-07-25 00:04:15,Main Hall,51.82,806.98,87
2025-07-25 00:04:20,Library,30.48,912.29,37
2025-07-25 00:04:25,Library,70.68,673.6,81
2025-07-25 00:04:30,Cafeteria,31.15,473.33,27
2025-07-25 00:04:35,Library,55.45,901.16,17
2025-07-25 00:04:40,Cafeteria,94.84,422.84,60
2025-07-25 00:04:45,Library,43.14,443.48,80
2025-07-25 00:04:50,Lab Building,56.44,724.17,60
2025-07-25 00:04:55,Lab Building,26.34,463.83,90
2025-07-25 00:07:50,Main Hall,85.16,242.74,77
2025-07-25 00:07:55,Main Hall,51.18,378.98,40
2025-07-25 00:08:00,Library,52.68,906.89,94
2025-07-25 00:08:05,Cafeteria,53.03,529.65,68
2025-07-25 00:08:10,Lab Building,58.23,203.73,44
2025-07-25 00:08:15,Main Hall,96.22,617.53,59
2025-07-25 00:08:20,Admin Block,86.17,957.5,46
2025-07-25 00:08:25,Lab Building,89.76,785.5,22
2025-07-25 00:08:30,Admin Block,73.61,895.22,63
2025-07-25 00:08:35,Main Hall,27.4,720.52,99
2025-09-13 21:54:34,Lab Building,74.14,412.14,45
2025-09-13 21:54:39,Main Hall,27.12,513.37,99
2025-09-13 21:54:44,Admin Block,62.68,867.23,46
2025-09-13 21:54:49,Cafeteria,72.61,751.34,52
2025-09-13 21:54:54,Main Hall,48.15,679.85,61
2025-09-13 21:54:59,Cafeteria,91.95,686.29,53
2025-09-13 21:55:04,Admin Block,26.79,678.08,35
2025-09-13 21:55:09,Cafeteria,52.39,246.35,85
2025-09-13 21:55:14,Library,91.4,937.19,22
2025-09-13 21:55:19,Library,78.11,337.9,23
2025-09-13 21:55:24,Main Hall,80.97,689.29,48
2025-09-13 21:55:29,Cafeteria,44.67,349.44,18
2025-09-13 21:55:34,Library,94.89,705.71,33
2025-09-13 21:55:39,Cafeteria,90.85,281.59,91
2025-09-13 21:55:44,Lab Building,70.05,303.23,87
2025-09-13 21:55:49,Main Hall,38.89,656.53,15
2025-09-13 21:55:54,Lab Building,42.74,799.9,39
2025-09-13 21:55:59,Admin Block,46.81,723.44,72
2025-09-13 21:56:04,Main Hall,88.63,968.95,61
2025-09-13 21:56:09,Lab Building,65.28,565.28,33
2025-09-13 21:56:14,Library,59.47,699.52,23
2025-09-13 21:56:19,Library,77.84,995.65,73
2025-09-13 21:56:24,Cafeteria,69.28,994.64,17
2025-09-13 21:56:29,Admin Block,26.89,200.93,72
2025-09-13 21:56:34,Main Hall,20.97,310.55,89
2025-09-13 21:56:39,Main Hall,31.2,277.0,99
2025-09-13 21:56:44,Admin Block,45.36,762.2,87
2025-09-13 21:56:49,Admin Block,66.29,236.47,59
2025-09-13 21:56:54,Main Hall,82.77,621.66,81
2025-09-13 21:56:59,Library,66.94,768.84,20
2025-09-13 21:57:04,Main Hall,44.4,635.62,12
2025-09-13 21:57:09,Cafeteria,52.33,597.51,81
2025-09-13 21:57:14,Cafeteria,71.97,981.79,89
2025-09-13 21:57:19,Library,88.53,572.5,21
2025-09-13 21:57:24,Main Hall,44.35,953.32,95
2025-09-13 21:57:29,Main Hall,41.9,895.99,36
2025-09-13 21:57:34,Lab Building,78.74,736.97,51
2025-09-13 21:57:39,Cafeteria,35.17,920.26,81
2025-09-13 21:57:44,Library,37.71,876.4,37
2025-09-13 21:57:49,Cafeteria,34.47,670.78,57
2025-09-13 21:57:54,Library,83.52,359.8,68
2025-09-13 21:57:59,Library,73.06,584.58,24
2025-09-13 21:58:04,Lab Building,39.46,766.55,77
2025-09-13 21:58:09,Lab Building,55.13,395.45,21
2025-09-13 21:58:14,Cafeteria,96.1,410.71,100
2025-09-13 21:58:19,Main Hall,48.91,408.29,86
2025-09-13 21:58:24,Main Hall,98.1,818.82,95
2025-09-13 21:58:29,Library,73.24,751.81,94
2025-09-13 21:58:34,Library,23.17,573.88,34
2025-09-13 21:58:39,Admin Block,32.3,833.9,71
2025-09-13 21:58:44,Cafeteria,36.74,466.19,96
2025-09-13 21:58:49,Library,42.23,745.52,27
2025-09-13 21:58:54,Lab Building,45.85,263.75,15
2025-09-13 21:58:59,Admin Block,40.29,402.79,53
2025-09-13 21:59:04,Lab Building,49.42,857.9,69
2025-09-13 21:59:09,Library,76.26,896.49,92
2025-09-13 21:59:14,Cafeteria,46.42,596.57,86
2025-09-13 21:59:19,Lab Building,72.66,809.79,21
2025-09-13 21:59:24,Library,62.5,840.46,69
2025-09-13 21:59:29,Lab Building,79.69,804.79,16
2025-09-13 21:59:34,Main Hall,55.44,264.31,48
2025-09-13 21:59:39,Main Hall,32.6,597.76,31
2025-09-13 21:59:44,Library,44.75,973.18,67
2025-09-13 21:59:49,Library,88.4,951.91,69
2025-09-13 21:59:54,Main Hall,55.84,640.94,61
2025-09-13 21:59:59,Admin Block,74.49,815.69,43
2025-09-13 22:00:04,Library,27.32,468.28,62
2025-09-13 22:00:09,Main Hall,44.79,521.49,49
2025-09-13 22:00:14,Main Hall,25.27,325.24,17
2025-09-13 22:00:19,Lab Building,46.53,214.48,46
2025-09-13 22:00:24,Admin Block,81.73,702.59,36
2025-09-13 22:00:29,Cafeteria,43.31,667.17,70
2025-09-13 22:00:34,Main Hall,90.76,717.52,50
2025-09-13 22:00:39,Admin Block,38.91,452.0,58
2025-09-13 22:00:44,Cafeteria,92.62,618.21,11
2025-09-13 22:00:49,Lab Building,43.68,371.41,93
2025-09-13 22:00:54,Library,58.47,475.72,53
2025-09-13 22:00:59,Main Hall,34.64,215.01,43
2025-09-13 22:01:04,Library,91.43,362.36,56
2025-09-13 22:01:09,Library,57.54,387.15,13
2025-09-13 22:01:14,Cafeteria,27.83,909.94,10
2025-09-13 22:01:19,Library,41.28,812.25,23
2025-09-13 22:01:24,Lab Building,21.73,322.78,93
2025-09-13 22:01:29,Cafeteria,52.24,322.26,20
2025-09-13 22:01:34,Lab Building,89.29,836.96,76
2025-09-13 22:01:39,Admin Block,25.6,850.14,43
2025-09-13 22:01:44,Cafeteria,29.03,599.58,16
2025-09-13 22:01:49,Admin Block,62.13,733.58,59
2025-09-13 22:01:54,Library,69.57,971.58,49
2025-09-13 22:02:00,Main Hall,51.48,604.1,20
2025-09-13 22:02:05,Admin Block,52.26,621.85,94
2025-09-13 22:02:10,Library,71.54,607.21,92
2025-09-13 22:02:15,Main Hall,34.94,653.04,35
2025-09-13 22:02:20,Main Hall,96.47,816.47,78
2025-09-13 22:02:25,Library,94.34,241.45,59
2025-09-13 22:02:30,Admin Block,98.59,608.03,97
2025-09-13 22:02:35,Lab Building,48.44,862.04,72
2025-09-13 22:02:40,Lab Building,80.69,436.19,67
2025-09-13 22:02:45,Lab Building,91.58,540.39,84
2025-09-13 22:02:50,Cafeteria,23.57,231.71,24
2025-09-13 22:02:55,Admin Block,89.68,720.96,70
2025-09-13 22:03:00,Main Hall,45.14,473.11,37
2025-09-13 22:03:05,Lab Building,61.61,421.93,26
2025-09-13 22:03:10,Lab Building,94.88,858.76,12
2025-09-13 22:03:15,Library,89.32,625.24,45
2025-09-13 22:03:20,Admin Block,28.42,735.52,26
2025-09-13 22:03:25,Main Hall,48.45,655.09,10
2025-09-13 22:03:30,Admin Block,27.66,209.75,64
2025-09-13 22:03:35,Library,53.13,218.98,28
2025-09-13 22:03:40,Cafeteria,70.8,929.21,80
2025-09-13 22:03:45,Main Hall,30.21,231.83,32
2025-09-13 22:03:50,Library,21.45,605.56,31
2025-09-13 22:03:55,Lab Building,81.62,623.4,60
2025-09-13 22:04:00,Lab Building,35.9,845.0,47
2025-09-13 22:04:05,Lab Building,77.59,901.33,67
2025-09-13 22:04:10,Admin Block,57.75,994.31,42
2025-09-13 22:04:15,Library,37.9,693.91,39
2025-09-13 22:04:20,Cafeteria,81.79,929.27,51
2025-09-13 22:04:25,Lab Building,93.77,732.46,65
2025-09-13 22:04:30,Admin Block,26.65,772.84,97
2025-09-13 22:04:35,Main Hall,69.8,611.62,49
2025-09-13 22:04:40,Admin Block,68.28,235.81,33
2025-09-13 22:04:45,Admin Block,66.43,982.18,51
2025-09-13 22:04:50,Admin Block,86.72,562.59,15
2025-09-13 22:04:55,Main Hall,35.5,865.56,71
2025-09-13 22:05:00,Main Hall,91.17,353.31,79
2025-09-13 22:05:05,Cafeteria,38.58,583.11,46
2025-09-13 22:05:10,Cafeteria,53.11,324.79,94
2025-09-13 22:05:15,Lab Building,74.05,882.47,22
2025-09-13 22:05:20,Lab Building,28.18,758.67,93
2025-09-13 22:05:25,Cafeteria,72.55,735.96,33
2025-09-13 22:05:30,Library,78.05,855.48,39
2025-09-13 22:05:35,Admin Block,87.13,342.58,40
2025-09-13 22:05:40,Main Hall,71.48,321.18,40
2025-09-13 22:05:45,Lab Building,55.22,858.5,11
2025-09-13 22:05:50,Library,58.96,861.62,51
2025-09-13 22:05:55,Lab Building,56.29,829.5,60
2025-09-13 22:06:00,Cafeteria,35.28,261.64,92
2025-09-13 22:06:05,Library,23.47,662.6,42
2025-09-13 22:06:10,Cafeteria,77.18,924.72,19
2025-09-13 22:06:15,Main Hall,66.23,534.83,90
2025-09-13 22:06:20,Lab Building,74.05,998.36,97
2025-09-13 22:06:25,Cafeteria,48.31,457.13,81
2025-09-13 22:06:30,Admin Block,41.53,999.09,69
2025-09-13 22:06:35,Lab Building,42.59,946.19,42
2025-09-13 22:06:40,Main Hall,89.75,523.8,87
2025-09-13 22:06:45,Cafeteria,76.13,713.61,44
2025-09-13 22:06:50,Main Hall,44.42,688.71,87
2025-09-13 22:06:55,Lab Building,39.05,340.86,50
2025-09-13 22:07:00,Main Hall,21.48,397.83,17
2025-09-13 22:07:05,Lab Building,29.04,325.62,90
2025-09-13 22:07:10,Library,41.61,663.01,80
2025-09-13 22:07:15,Lab Building,47.58,501.44,57
2025-09-13 22:07:20,Library,84.37,995.45,61
2025-09-13 22:07:25,Admin Block,89.67,945.76,17
2025-09-13 22:07:30,Cafeteria,56.37,566.89,25
2025-09-13 22:07:35,Cafeteria,77.2,277.43,43
2025-09-13 22:07:40,Library,36.66,806.16,85
2025-09-13 22:07:45,Lab Building,73.18,763.84,31
2025-09-13 22:07:50,Main Hall,46.74,910.55,53
2025-09-13 22:07:55,Main Hall,62.98,558.03,37
2025-09-13 22:08:00,Library,21.24,648.88,41
2025-09-13 22:08:05,Library,63.13,822.85,56
2025-09-13 22:08:10,Main Hall,74.94,920.45,22
2025-09-13 22:08:15,Admin Block,68.15,860.96,18
2025-09-13 22:08:20,Main Hall,26.03,443.82,36
2025-09-13 22:08:25,Lab Building,52.26,469.6,50
2025-09-13 22:08:30,Lab Building,29.94,272.07,78
2025-09-13 22:08:35,Admin Block,98.14,981.45,44
2025-09-13 22:08:40,Main Hall,28.13,252.57,35
2025-09-13 22:08:45,Lab Building,82.59,639.86,38
2025-09-13 22:08:50,Lab Building,53.19,657.89,65
2025-09-13 22:08:55,Library,29.89,353.08,71
2025-09-13 22:09:00,Admin Block,72.06,851.88,81
2025-09-13 22:09:05,Main Hall,78.34,894.92,29
2025-09-13 22:09:10,Cafeteria,80.89,215.09,53
2025-09-13 22:09:15,Lab Building,82.74,647.29,94
2025-09-13 22:09:20,Admin Block,87.57,612.02,18
2025-09-13 22:09:25,Main Hall,43.64,379.91,65
2025-09-13 22:09:30,Main Hall,39.56,457.13,17
2025-09-13 22:09:35,Cafeteria,51.08,427.57,57
2025-09-13 22:09:40,Lab Building,57.85,889.39,51
2025-09-13 22:09:45,Library,36.24,581.61,40
2025-09-13 22:09:50,Lab Building,95.56,371.25,38
2025-09-13 22:09:55,Library,97.59,588.32,82
2025-09-13 22:10:00,Cafeteria,63.77,758.07,84
2025-09-13 22:10:05,Cafeteria,63.82,764.12,55
2025-09-13 22:10:10,Main Hall,28.74,759.57,51
2025-09-13 22:10:15,Admin Block,23.66,801.89,60
2025-09-13 22:10:20,Main Hall,61.69,734.27,54
2025-09-13 22:10:25,Lab Building,52.69,357.22,32
2025-09-13 22:10:30,Main Hall,85.88,327.12,24
2025-09-13 22:10:35,Cafeteria,98.5,683.58,46
2025-09-13 22:10:40,Main Hall,53.21,441.96,95
2025-09-13 22:10:45,Library,67.07,983.66,74
2025-09-13 22:10:50,Cafeteria,73.56,352.85,19
2025-09-13 22:10:55,Main Hall,45.2,871.88,26
2025-09-13 22:11:00,Library,59.68,892.15,65
2025-09-13 22:11:05,Main Hall,63.71,493.42,40
2025-09-13 22:11:10,Library,49.21,983.64,64
2025-09-13 22:11:15,Lab Building,20.36,886.32,74
2025-09-13 22:11:20,Admin Block,60.17,268.63,54
2025-09-13 22:11:25,Admin Block,31.79,295.5,64
2025-09-13 22:11:30,Main Hall,95.59,386.45,52
2025-09-13 22:11:35,Lab Building,61.19,828.97,56
2025-09-13 22:11:40,Lab Building,25.19,753.68,63
2025-09-13 22:11:45,Lab Building,21.12,686.67,46
2025-09-13 22:11:50,Library,34.08,404.04,76
2025-09-13 22:11:55,Admin Block,85.85,829.79,25
2025-09-13 22:12:00,Cafeteria,47.52,724.12,55
2025-09-13 22:12:05,Library,38.68,880.23,48
2025-09-13 22:12:10,Main Hall,64.23,307.53,67
2025-09-13 22:12:15,Admin Block,75.13,645.04,99
2025-09-13 22:12:20,Cafeteria,77.6,889.24,46
2025-09-13 22:12:25,Library,42.08,230.61,73
2025-09-13 22:12:30,Lab Building,28.46,509.35,17
2025-09-13 22:12:35,Library,77.93,917.3,82
2025-09-13 22:12:40,Library,91.96,732.83,10
2025-09-13 22:12:45,Admin Block,88.07,789.71,37
2025-09-13 22:12:50,Main Hall,35.54,629.87,41
2025-09-13 22:12:55,Library,89.43,914.16,17
2025-09-13 22:13:00,Main Hall,65.33,974.44,93
2025-09-13 22:13:05,Library,62.43,582.96,26
2025-09-13 22:13:10,Library,43.04,447.11,66
2025-09-13 22:13:15,Lab Building,26.81,768.83,12
2025-09-13 22:13:20,Library,35.98,852.66,56
2025-09-13 22:13:25,Admin Block,43.76,269.5,21
2025-09-13 22:13:30,Cafeteria,83.46,490.77,38
2025-09-13 22:13:36,Lab Building,31.44,891.58,46
2025-09-13 22:13:41,Cafeteria,30.55,945.52,92
2025-09-13 22:13:46,Lab Building,48.0,720.74,69
2025-09-13 22:13:51,Cafeteria,75.61,310.34,45
2025-09-13 22:13:56,Cafeteria,52.82,419.63,100
2025-09-13 22:14:01,Library,60.95,915.69,37
2025-09-13 22:14:06,Cafeteria,41.21,588.93,76
2025-09-13 22:14:11,Library,88.52,892.99,36
2025-09-13 22:14:16,Lab Building,63.31,658.61,49
2025-09-13 22:14:21,Cafeteria,37.09,595.7,17
2025-09-13 22:14:26,Main Hall,27.94,345.31,97
2025-09-13 22:14:31,Admin Block,68.71,461.94,22
2025-09-13 22:14:36,Library,81.68,355.94,99
2025-09-13 22:14:41,Main Hall,93.91,299.46,39
2025-09-13 22:14:46,Lab Building,22.92,356.23,55
2025-09-13 22:14:51,Admin Block,41.97,705.03,33
2025-09-13 22:14:56,Library,20.79,871.5,39
2025-09-13 22:15:01,Lab Building,68.31,743.45,38
2025-09-13 22:15:06,Main Hall,62.1,636.34,26
2025-09-13 22:15:11,Library,58.51,365.95,100
2025-09-13 22:15:16,Main Hall,45.67,862.96,40
2025-09-13 22:15:21,Admin Block,83.85,808.59,46
2025-09-13 22:15:26,Cafeteria,20.03,955.49,70
2025-09-13 22:15:31,Main Hall,40.45,514.73,31
2025-09-13 22:15:36,Library,74.96,941.17,84
2025-09-13 22:15:41,Cafeteria,74.95,370.69,84
2025-09-13 22:15:46,Admin Block,62.36,854.12,84
2025-09-13 22:15:51,Lab Building,36.4,931.22,18
2025-09-13 22:15:56,Cafeteria,36.27,372.43,36
2025-09-13 22:16:01,Admin Block,65.73,666.6,56
2025-09-13 22:16:06,Library,35.81,809.9,70
2025-09-13 22:16:11,Lab Building,51.76,607.44,46
2025-09-13 22:16:16,Lab Building,21.59,658.09,57
2025-09-13 22:16:21,Library,55.88,520.08,41
2025-09-13 22:16:26,Lab Building,67.01,424.41,19
2025-09-13 22:16:31,Lab Building,45.59,780.34,91
2025-09-13 22:16:36,Lab Building,31.66,505.25,25
2025-09-13 22:16:41,Main Hall,22.63,654.03,80
2025-09-13 22:16:46,Cafeteria,66.26,268.61,55
2025-09-13 22:16:51,Library,39.75,707.1,99
2025-09-13 22:16:56,Admin Block,96.16,597.75,40
2025-09-13 22:17:01,Library,48.06,298.4,58
2025-09-13 22:17:06,Cafeteria,29.32,676.03,19
2025-09-13 22:17:11,Main Hall,83.32,847.41,48
2025-09-13 22:17:16,Lab Building,55.96,836.32,41
2025-09-13 22:17:21,Main Hall,63.5,484.06,60
2025-09-13 22:17:26,Library,46.17,417.58,34
2025-09-13 22:17:31,Lab Building,95.6,412.54,21
2025-09-13 22:17:36,Main Hall,21.33,724.38,39
2025-09-13 22:17:41,Library,91.0,419.11,56
2025-09-13 22:17:46,Main Hall,74.1,286.59,83
2025-09-13 22:17:51,Main Hall,36.48,501.72,11
2025-09-13 22:17:56,Admin Block,87.42,963.59,58
2025-09-13 22:18:01,Admin Block,48.39,276.3,32
2025-09-13 22:18:06,Library,27.67,593.86,55
2025-09-13 22:18:11,Cafeteria,77.89,710.86,13
2025-09-13 22:18:16,Admin Block,44.19,829.38,28
2025-09-13 22:18:21,Admin Block,48.63,923.91,80
2025-09-13 22:18:26,Admin Block,63.98,728.92,32
2025-09-13 22:18:31,Cafeteria,82.47,512.07,31
2025-09-13 22:18:36,Main Hall,51.19,394.23,14
2025-09-13 22:18:41,Lab Building,25.76,226.18,46
2025-09-13 22:18:46,Library,59.63,629.95,68
2025-09-13 22:18:51,Cafeteria,26.61,255.32,57
2025-09-13 22:18:56,Main Hall,62.04,772.91,92
2025-09-13 22:19:01,Admin Block,83.28,611.27,44
2025-09-13 22:19:06,Cafeteria,90.57,706.38,56
2025-09-13 22:19:11,Lab Building,59.04,778.02,53
2025-09-13 22:19:16,Cafeteria,26.29,817.85,97
2025-09-13 22:19:21,Main Hall,67.67,234.5,92
2025-09-13 22:19:26,Cafeteria,27.66,958.41,15
2025-09-13 22:19:31,Cafeteria,81.7,301.62,91
2025-09-13 22:19:36,Main Hall,64.3,529.88,26
2025-09-13 22:19:41,Library,32.18,213.61,41
2025-09-13 22:19:46,Lab Building,71.98,782.18,91
2025-09-13 22:19:51,Admin Block,80.85,696.75,98
2025-09-13 22:19:56,Library,25.07,397.71,47
2025-09-13 22:20:01,Cafeteria,95.64,360.92,72
2025-09-13 22:20:06,Lab Building,36.37,828.88,52
2025-09-13 22:20:11,Lab Building,83.45,297.33,84
2025-09-13 22:20:16,Lab Building,66.4,804.23,81
2025-09-13 22:20:21,Library,47.37,775.71,34
2025-09-13 22:20:26,Admin Block,74.38,986.15,19
2025-09-13 22:20:31,Main Hall,25.83,969.07,55
2025-09-13 22:20:36,Admin Block,74.07,596.7,56
2025-09-13 22:20:41,Admin Block,69.43,881.21,26
2025-09-13 22:20:46,Cafeteria,31.14,636.09,23
2025-09-13 22:20:51,Main Hall,80.21,989.38,58
2025-09-13 22:20:56,Library,36.58,827.5,25
2025-09-13 22:21:01,Library,25.36,900.56,27
2025-09-13 22:21:06,Lab Building,77.86,608.46,16
2025-09-13 22:21:11,Main Hall,91.81,676.02,67
2025-09-13 22:21:16,Main Hall,46.81,969.64,14
2025-09-13 22:21:21,Lab Building,26.42,760.56,28
2025-09-13 22:21:26,Admin Block,86.59,269.88,76
2025-09-13 22:21:31,Admin Block,60.51,865.28,59
2025-09-13 22:21:36,Lab Building,84.39,857.06,16
2025-09-13 22:21:41,Library,88.59,753.58,38
2025-09-13 22:21:46,Admin Block,52.68,482.89,92
2025-09-13 22:21:51,Admin Block,90.22,699.07,71
2025-09-13 22:21:56,Main Hall,39.33,506.51,26
2025-09-13 22:22:01,Lab Building,92.5,946.55,23
2025-09-13 22:22:06,Library,74.41,639.44,91
2025-09-13 22:22:11,Lab Building,84.31,723.96,50
2025-09-13 22:22:16,Lab Building,80.52,862.94,27
2025-09-13 22:22:21,Cafeteria,97.93,960.24,82
2025-09-13 22:22:26,Lab Building,89.78,581.99,48
2025-09-13 22:22:31,Lab Building,25.21,586.82,58
2025-09-13 22:22:36,Cafeteria,55.63,602.92,77
2025-09-13 22:22:41,Admin Block,70.81,616.87,86
2025-09-13 22:22:46,Admin Block,25.3,420.2,30
2025-09-13 22:22:51,Admin Block,81.45,298.0,27
2025-09-13 22:22:56,Lab Building,63.0,662.43,18
2025-09-13 22:23:01,Lab Building,45.42,269.25,100
2025-09-13 22:23:06,Cafeteria,33.42,671.52,81
2025-09-13 22:23:11,Cafeteria,96.43,854.61,11
2025-09-13 22:23:16,Lab Building,38.2,422.65,39
2025-09-13 22:23:21,Library,29.6,776.57,91
2025-09-13 22:23:26,Cafeteria,27.09,832.52,46
2025-09-13 22:23:31,Main Hall,41.6,816.02,45
2025-09-13 22:23:36,Cafeteria,35.27,618.82,22
2025-09-13 22:23:41,Admin Block,53.0,946.28,54
2025-09-13 22:23:46,Main Hall,77.48,679.96,59
2025-09-13 22:23:51,Cafeteria,38.58,877.32,27
2025-09-13 22:23:56,Main Hall,66.87,456.29,52
2025-09-13 22:24:01,Library,52.35,579.14,24
2025-09-13 22:24:06,Admin Block,29.07,379.1,39
2025-09-13 22:24:11,Main Hall,40.55,462.8,80
2025-09-13 22:24:16,Lab Building,98.48,584.24,47
2025-09-13 22:24:21,Lab Building,50.9,304.61,74
2025-09-13 22:24:26,Cafeteria,60.81,599.05,33
2025-09-13 22:24:31,Admin Block,66.14,223.34,64
2025-09-13 22:24:36,Cafeteria,69.2,852.45,31
2025-09-13 22:24:41,Cafeteria,23.64,288.52,91
2025-09-13 22:24:46,Lab Building,93.2,368.17,25
2025-09-13 22:24:51,Library,64.25,855.5,61
2025-09-13 22:24:56,Main Hall,32.07,203.92,29
2025-09-13 22:25:01,Main Hall,55.92,741.1,73
2025-09-13 22:25:06,Main Hall,29.75,527.62,33
2025-09-13 22:25:11,Admin Block,31.65,839.03,67
2025-09-13 22:25:16,Library,97.89,313.96,62
2025-09-13 22:25:21,Main Hall,74.86,206.92,87
2025-09-13 22:25:27,Admin Block,73.95,713.59,76
2025-09-13 22:25:32,Lab Building,39.97,682.63,89
2025-09-13 22:25:37,Main Hall,62.43,709.13,79
2025-09-13 22:25:42,Admin Block,76.23,405.29,43
2025-09-13 22:25:47,Main Hall,53.88,447.27,34
2025-09-13 22:25:52,Admin Block,73.84,260.26,44
2025-09-13 22:25:57,Main Hall,29.68,910.67,47
2025-09-13 22:26:02,Admin Block,66.07,989.15,18
2025-09-13 22:26:07,Main Hall,30.89,721.38,49
2025-09-13 22:26:12,Cafeteria,93.82,916.76,15
2025-09-13 22:26:17,Admin Block,55.37,589.72,60
2025-09-13 22:26:22,Cafeteria,86.32,610.41,94
2025-09-13 22:26:27,Lab Building,93.99,289.95,86
2025-09-13 22:26:32,Admin Block,50.93,413.46,90
2025-09-13 22:26:37,Main Hall,77.58,943.02,100
2025-09-13 22:26:42,Lab Building,81.87,388.97,60
2025-09-13 22:26:47,Main Hall,63.56,341.46,38
2025-09-13 22:26:52,Cafeteria,40.43,418.47,24
2025-09-13 22:26:57,Cafeteria,86.55,685.71,44
2025-09-13 22:27:02,Admin Block,53.19,244.19,16
2025-09-13 22:27:07,Lab Building,73.6,536.24,29
2025-09-13 22:27:12,Cafeteria,97.82,744.54,47
2025-09-13 22:27:17,Admin Block,83.0,405.69,89
2025-09-13 22:27:22,Main Hall,72.99,813.86,69
2025-09-13 22:27:27,Admin Block,50.44,729.81,17
2025-09-13 22:27:32,Library,67.64,266.57,83
2025-09-13 22:27:37,Admin Block,44.89,377.93,66
2025-09-13 22:27:42,Lab Building,83.01,945.11,25
2025-09-13 22:27:47,Library,24.11,927.11,96
2025-09-13 22:27:52,Admin Block,54.27,813.62,60
2025-09-13 22:27:57,Cafeteria,38.85,325.92,52
2025-09-13 22:28:02,Admin Block,57.32,551.91,19
2025-09-13 22:28:07,Cafeteria,86.35,709.98,97
2025-09-13 22:28:12,Lab Building,41.75,596.09,69
2025-09-13 22:28:17,Main Hall,96.94,320.41,63
2025-09-13 22:28:22,Cafeteria,78.98,237.48,77
2025-09-13 22:28:27,Library,98.56,280.21,65
2025-09-13 22:28:32,Library,24.31,390.41,47
2025-09-13 22:28:37,Library,53.88,336.53,73
2025-09-13 22:28:42,Library,89.75,226.27,10
2025-09-13 22:28:47,Cafeteria,41.09,366.14,26
2025-09-13 22:28:52,Lab Building,20.86,426.96,40
2025-09-13 22:28:57,Lab Building,57.94,934.56,78
2025-09-13 22:29:02,Lab Building,82.48,905.94,70
2025-09-13 22:29:07,Lab Building,88.06,776.13,43
2025-09-13 22:29:12,Main Hall,63.98,604.74,36
2025-09-13 22:29:17,Admin Block,82.84,643.37,62
2025-09-13 22:29:22,Admin Block,97.41,403.58,26
2025-09-13 22:29:27,Cafeteria,47.18,406.39,25
2025-09-13 22:29:32,Main Hall,36.12,360.51,62
2025-09-13 22:29:37,Main Hall,58.87,511.71,24
2025-09-13 22:29:42,Main Hall,52.48,934.59,32
2025-09-13 22:29:47,Main Hall,34.5,249.68,44
2025-09-13 22:29:52,Cafeteria,83.36,245.08,74
2025-09-13 22:29:57,Lab Building,52.22,445.85,99
2025-09-13 22:30:02,Admin Block,73.83,320.34,80
2025-09-13 22:30:07,Cafeteria,78.62,529.35,18
2025-09-13 22:30:12,Lab Building,75.0,905.49,86
2025-09-13 22:30:17,Library,65.43,802.6,88
2025-09-13 22:30:22,Lab Building,51.67,358.14,85
2025-09-13 22:30:27,Cafeteria,28.82,938.19,29
2025-09-13 22:30:32,Lab Building,86.01,831.5,94
2025-09-13 22:30:37,Library,68.9,243.27,17
2025-09-13 22:30:42,Admin Block,33.18,370.0,76
2025-09-13 22:30:47,Lab Building,44.56,227.71,50
2025-09-13 22:30:52,Library,95.16,474.63,36
2025-09-13 22:30:57,Main Hall,33.31,200.06,49
2025-09-13 22:31:02,Library,99.24,809.61,80
2025-09-13 22:31:07,Library,78.55,644.42,99
2025-09-13 22:31:12,Lab Building,93.29,643.46,30
2025-09-13 22:31:17,Main Hall,23.02,712.97,65
2025-09-13 22:31:22,Admin Block,85.91,734.5,37
2025-09-13 22:31:27,Admin Block,90.92,775.73,80
2025-09-13 22:31:32,Library,46.56,471.97,72
2025-09-13 22:31:37,Admin Block,33.24,677.77,14
2025-09-13 22:31:42,Lab Building,68.76,921.42,84
2025-09-13 22:31:47,Lab Building,71.46,824.58,92
2025-09-13 22:31:52,Library,86.5,766.58,27
2025-09-13 22:31:57,Main Hall,47.25,305.62,72
2025-09-13 22:32:02,Cafeteria,39.17,242.1,94
2025-09-13 22:32:07,Main Hall,27.29,483.6,42
2025-09-13 22:32:12,Main Hall,97.1,998.06,96
2025-09-13 22:32:17,Admin Block,98.29,288.11,95
2025-09-13 22:32:22,Lab Building,25.72,395.1,20
2025-09-13 22:32:27,Lab Building,30.28,878.97,62
2025-09-13 22:32:32,Admin Block,63.05,591.76,63
2025-09-13 22:32:37,Lab Building,56.82,433.8,45
2025-09-13 22:32:42,Admin Block,86.76,412.71,27
2025-09-13 22:32:47,Main Hall,54.13,471.47,57
2025-09-13 22:32:52,Lab Building,96.54,455.52,59
2025-09-13 22:32:57,Library,83.75,727.83,52
2025-09-13 22:33:02,Main Hall,82.49,947.43,40
2025-09-13 22:33:07,Admin Block,71.71,665.02,77
2025-09-13 22:33:12,Lab Building,24.23,701.05,78
2025-09-13 22:33:17,Admin Block,37.06,999.23,87
2025-09-13 22:33:22,Admin Block,62.21,706.96,69
2025-09-13 22:33:27,Lab Building,66.74,357.52,48
2025-09-13 22:33:32,Cafeteria,55.16,848.29,36
2025-09-13 22:33:37,Lab Building,99.3,791.16,31
2025-09-13 22:33:42,Cafeteria,91.67,717.55,37
2025-09-13 22:33:47,Admin Block,84.85,662.72,41
2025-09-13 22:33:52,Main Hall,52.21,569.28,52
2025-09-13 22:33:57,Main Hall,36.67,745.12,34
2025-09-13 22:34:02,Cafeteria,75.99,277.62,79
2025-09-13 22:34:07,Library,23.29,629.78,99
2025-09-13 22:34:12,Library,98.3,402.62,79
2025-09-13 22:34:17,Admin Block,38.82,801.32,43
2025-09-13 22:34:22,Lab Building,71.62,725.34,29
2025-09-13 22:34:27,Admin Block,25.66,649.87,94
2025-09-13 22:34:32,Main Hall,62.16,826.91,30
2025-09-13 22:34:37,Lab Building,46.83,615.91,24
2025-09-13 22:34:42,Cafeteria,20.77,646.45,55
2025-09-13 22:34:47,Library,28.21,767.04,50
2025-09-13 22:34:52,Admin Block,76.15,800.54,48
2025-09-13 22:34:57,Cafeteria,75.55,548.61,97
2025-09-13 22:35:02,Lab Building,65.73,565.55,100
2025-09-13 22:35:07,Cafeteria,59.59,745.33,67
2025-09-13 22:35:12,Cafeteria,29.08,310.49,62
2025-09-13 22:35:17,Admin Block,96.17,850.63,50
2025-09-13 22:35:22,Lab Building,87.79,654.45,63
2025-09-13 22:35:27,Library,29.69,917.61,27
2025-09-13 22:35:32,Main Hall,33.22,780.41,11
2025-09-13 22:35:37,Main Hall,78.75,553.79,39
2025-09-13 22:35:42,Lab Building,25.14,713.41,91
2025-09-13 22:35:47,Lab Building,89.81,552.85,37
2025-09-13 22:35:52,Main Hall,49.42,990.23,100
2025-09-13 22:35:57,Lab Building,37.55,452.72,68
2025-09-13 22:36:02,Cafeteria,27.87,928.23,99
2025-09-13 22:36:07,Cafeteria,83.11,542.63,48
2025-09-13 22:36:12,Lab Building,38.47,410.24,49
2025-09-13 22:36:17,Cafeteria,65.27,617.02,20
2025-09-13 22:36:22,Main Hall,51.15,576.2,36
2025-09-13 22:36:27,Cafeteria,55.12,399.87,75
2025-09-13 22:36:32,Lab Building,86.18,467.17,47
2025-09-13 22:36:37,Cafeteria,67.83,642.23,58
2025-09-13 22:36:42,Main Hall,44.24,964.66,47
2025-09-13 22:36:47,Library,96.62,241.68,77
2025-09-13 22:36:53,Admin Block,95.25,290.01,72
2025-09-13 22:36:58,Admin Block,90.88,309.9,47
2025-09-13 22:37:03,Lab Building,97.61,954.83,65
2025-09-13 22:37:08,Library,96.23,874.51,89
2025-09-13 22:37:13,Main Hall,79.82,865.08,97
2025-09-13 22:37:18,Main Hall,81.4,302.84,32
2025-09-13 22:37:23,Main Hall,46.95,540.12,80
2025-09-13 22:37:28,Admin Block,86.71,786.39,38
2025-09-13 22:37:33,Lab Building,54.26,448.82,51
2025-09-13 22:37:38,Main Hall,52.72,518.93,73
2025-09-13 22:37:43,Library,75.87,724.79,38
2025-09-13 22:37:48,Cafeteria,33.12,348.2,91
2025-09-13 22:37:53,Admin Block,49.42,520.32,29
2025-09-13 22:37:58,Cafeteria,26.26,927.46,63
2025-09-13 22:38:03,Admin Block,51.6,290.63,20
2025-09-13 22:38:08,Main Hall,44.88,580.04,11
2025-09-13 22:38:13,Main Hall,26.18,973.99,32
2025-09-13 22:38:18,Lab Building,60.69,452.74,17
2025-09-13 22:38:23,Library,64.76,700.56,81
2025-09-13 22:38:28,Main Hall,81.1,487.19,79
2025-09-13 22:38:33,Library,98.91,352.46,12
2025-09-13 22:38:38,Cafeteria,27.59,202.79,34
2025-09-13 22:38:43,Lab Building,65.3,486.47,30
2025-09-13 22:38:48,Cafeteria,39.28,497.37,85
2025-09-13 22:38:53,Main Hall,95.92,213.19,67
2025-09-13 22:38:58,Lab Building,53.0,604.19,69
2025-09-13 22:39:03,Lab Building,60.97,611.55,93
2025-09-13 22:39:08,Admin Block,52.77,678.81,39
2025-09-13 22:39:13,Cafeteria,46.96,685.32,98
2025-09-13 22:39:18,Admin Block,78.93,661.9,94
2025-09-13 22:39:23,Cafeteria,55.42,556.36,91
2025-09-13 22:39:28,Main Hall,37.35,462.15,55
2025-09-13 22:39:33,Cafeteria,87.7,272.07,99
2025-09-13 22:39:38,Library,70.87,851.12,42
2025-09-13 22:39:43,Main Hall,24.41,563.69,24
2025-09-13 22:39:48,Library,46.24,811.3,88
2025-09-13 22:39:53,Library,82.65,972.94,100
2025-09-13 22:39:58,Cafeteria,30.47,734.96,31
2025-09-13 22:40:03,Cafeteria,93.17,422.29,47
2025-09-13 22:40:08,Library,62.13,647.28,99
2025-09-13 22:40:13,Cafeteria,86.3,671.27,47
2025-09-13 22:40:18,Main Hall,44.26,859.71,97
2025-09-13 22:40:23,Admin Block,86.6,897.08,82
2025-09-13 22:40:28,Admin Block,49.74,820.79,13
2025-09-13 22:40:33,Library,81.24,367.03,62
2025-09-13 22:40:38,Library,80.97,698.45,71
2025-09-13 22:40:43,Admin Block,46.21,420.98,55
2025-09-13 22:40:48,Library,82.27,924.22,29
2025-09-13 22:40:53,Main Hall,99.22,857.7,26
2025-09-13 22:40:58,Main Hall,49.73,612.71,95
2025-09-13 22:41:03,Cafeteria,53.04,313.76,44
2025-09-13 22:41:08,Library,33.82,459.99,50
2025-09-13 22:41:13,Cafeteria,79.94,413.1,64
2025-09-13 22:41:18,Library,45.4,550.12,88
2025-09-13 22:41:23,Admin Block,66.42,638.88,25
2025-09-13 22:41:28,Library,72.68,932.06,67
2025-09-13 22:41:33,Library,84.91,459.72,13
2025-09-13 22:41:38,Admin Block,73.27,804.8,52
2025-09-13 22:41:43,Cafeteria,80.86,820.98,65
2025-09-13 22:41:48,Lab Building,72.55,576.71,36
2025-09-13 22:41:53,Lab Building,28.26,221.05,77
2025-09-13 22:41:58,Admin Block,60.5,577.84,25
2025-09-13 22:42:03,Lab Building,71.15,560.7,65
2025-09-13 22:42:08,Lab Building,81.0,964.55,37
2025-09-13 22:42:13,Main Hall,91.53,866.0,21
2025-09-13 22:42:18,Admin Block,20.77,337.99,66
2025-09-13 22:42:23,Cafeteria,49.81,637.24,69
2025-09-13 22:42:28,Lab Building,61.38,474.22,33
2025-09-13 22:42:33,Library,51.7,852.81,93
2025-09-13 22:42:38,Library,53.98,620.71,42
2025-09-13 22:42:43,Main Hall,46.14,919.68,19
2025-09-13 22:42:48,Lab Building,65.6,301.36,68
2025-09-13 22:42:53,Main Hall,46.65,496.41,52
2025-09-13 22:42:58,Cafeteria,99.16,802.28,79
2025-09-13 22:43:03,Admin Block,49.47,605.98,30
2025-09-13 22:43:08,Admin Block,31.51,928.15,66
2025-09-13 22:43:13,Lab Building,39.74,545.04,15
2025-09-13 22:43:18,Library,63.85,414.51,33
2025-09-13 22:43:23,Admin Block,69.87,840.78,34
2025-09-13 22:43:28,Admin Block,58.82,979.21,85
2025-09-13 22:43:33,Main Hall,30.6,284.41,84
2025-09-13 22:43:38,Admin Block,54.58,271.86,77
2025-09-13 22:43:43,Library,85.86,821.54,76
2025-09-13 22:43:48,Cafeteria,86.66,819.74,74
2025-09-13 22:43:53,Cafeteria,87.64,748.43,53
2025-09-13 22:43:58,Library,54.55,714.89,87
2025-09-13 22:44:03,Main Hall,28.27,252.08,86
2025-09-13 22:44:08,Lab Building,78.56,424.7,96
2025-09-13 22:44:13,Admin Block,45.58,777.43,73
2025-09-13 22:44:18,Lab Building,75.91,618.54,42
2025-09-13 22:44:23,Admin Block,69.32,382.47,91
2025-09-13 22:44:28,Library,78.31,773.54,15
2025-09-13 22:44:33,Main Hall,94.61,502.76,44
2025-09-13 22:44:38,Library,21.61,351.78,21
2025-09-13 22:44:43,Lab Building,95.73,535.14,72
2025-09-13 22:44:48,Admin Block,74.17,995.35,69
2025-09-13 22:44:53,Cafeteria,48.7,368.57,16
2025-09-13 22:44:58,Cafeteria,36.4,228.6,31
2025-09-13 22:45:03,Cafeteria,36.31,545.32,37
2025-09-13 22:45:08,Lab Building,88.03,706.11,95
2025-09-13 22:45:13,Library,57.36,334.08,11
2025-09-13 22:45:18,Library,29.53,875.49,17
2025-09-13 22:45:23,Library,24.76,771.76,32
2025-09-13 22:45:28,Main Hall,48.61,755.45,92
2025-09-13 22:45:33,Lab Building,89.46,799.11,73
2025-09-13 22:45:38,Admin Block,20.8,934.49,54
2025-09-13 22:45:43,Main Hall,65.9,354.11,23
2025-09-13 22:45:48,Lab Building,79.86,270.15,91
2025-09-13 22:45:53,Lab Building,75.46,570.07,49
2025-09-13 22:45:58,Library,34.48,938.89,19
2025-09-13 22:46:03,Library,33.77,492.3,27
2025-09-13 22:46:08,Library,92.5,399.71,80
2025-09-13 22:46:13,Admin Block,71.58,501.38,99
2025-09-13 22:46:18,Cafeteria,87.53,851.04,60
2025-09-13 22:46:23,Main Hall,85.66,416.58,13
2025-09-13 22:46:28,Lab Building,24.67,380.31,17
2025-09-13 22:46:33,Admin Block,37.51,798.81,61
2025-09-13 22:46:38,Admin Block,42.32,300.25,11
2025-09-13 22:46:43,Admin Block,49.86,986.84,71
2025-09-13 22:46:48,Main Hall,86.01,755.1,65
2025-09-13 22:46:53,Main Hall,95.93,909.8,65
2025-09-13 22:46:58,Admin Block,67.48,991.21,29
2025-09-13 22:47:03,Admin Block,34.89,304.99,64
2025-09-13 22:47:08,Lab Building,86.76,534.43,30
2025-09-13 22:47:13,Main Hall,65.59,632.22,27
2025-09-13 22:47:18,Admin Block,61.77,653.79,12
2025-09-13 22:47:23,Main Hall,26.15,912.78,36
2025-09-13 22:47:28,Library,70.93,554.26,10
2025-09-13 22:47:33,Lab Building,59.62,545.35,87
2025-09-13 22:47:38,Lab Building,60.71,636.66,58
2025-09-13 22:47:43,Admin Block,91.69,835.91,21
2025-09-13 22:47:48,Admin Block,31.82,960.63,38
2025-09-13 22:47:53,Main Hall,24.98,769.74,42
2025-09-13 22:47:58,Main Hall,51.97,244.01,81
2025-09-13 22:48:03,Cafeteria,84.13,413.57,17
2025-09-13 22:48:08,Admin Block,65.55,659.47,50
2025-09-13 22:48:13,Library,99.27,250.19,87
2025-09-13 22:48:18,Lab Building,69.58,476.19,17
2025-09-13 22:48:23,Cafeteria,93.69,633.86,12
2025-09-13 22:48:28,Cafeteria,53.71,796.86,23
2025-09-13 22:48:33,Admin Block,36.26,334.41,83
2025-09-13 22:48:38,Library,69.64,529.41,84
2025-09-13 23:06:39,Main Hall,24.8,961.49,78
2025-09-13 23:23:57,Library,70.12,491.55,63
2025-09-13 23:40:32,Main Hall,46.41,391.69,16
2025-09-13 23:57:53,Lab Building,42.43,273.84,77
2025-09-14 00:14:57,Library,73.87,633.74,84
2025-09-14 00:31:25,Main Hall,91.27,451.43,16
2025-09-14 00:48:19,Cafeteria,25.27,899.33,21
2025-09-14 00:49:37,Admin Block,38.51,475.65,14
2025-09-14 00:49:42,Cafeteria,36.18,531.73,87
2025-09-14 00:49:47,Main Hall,31.96,814.93,48
2025-09-14 00:49:52,Cafeteria,45.79,391.01,64
2025-09-14 00:49:57,Main Hall,21.13,860.27,58
2025-09-14 00:50:02,Cafeteria,78.06,381.79,95
2025-09-14 00:50:07,Library,21.36,892.1,59
2025-09-14 00:50:12,Cafeteria,22.32,891.47,55
2025-09-14 00:50:17,Main Hall,24.18,265.95,37
2025-09-14 01:07:50,Admin Block,55.73,522.18,62
2025-09-14 01:24:53,Admin Block,55.67,660.15,64
2025-09-14 01:41:09,Admin Block,23.74,247.28,31
2025-09-14 01:50:36,Library,98.55,851.77,77
2025-09-14 01:50:41,Library,94.94,428.92,93
2025-09-14 01:50:46,Library,47.37,482.82,26
2025-09-14 01:50:51,Main Hall,94.02,657.04,92
2025-09-14 01:50:56,Main Hall,67.93,961.56,49
2025-09-14 01:51:01,Admin Block,66.13,612.92,79
2025-09-14 01:51:06,Admin Block,35.85,896.28,30
2025-09-14 01:51:11,Cafeteria,36.72,886.25,31
2025-09-14 01:51:16,Admin Block,38.5,376.9,20
2025-09-14 01:51:21,Admin Block,59.37,930.06,76
2025-09-14 02:08:19,Library,61.68,582.06,44
2025-09-14 02:24:41,Cafeteria,57.31,906.1,32
2025-09-14 02:42:07,Admin Block,83.74,396.59,30
2025-09-14 02:51:40,Main Hall,71.04,408.15,18
2025-09-14 02:51:45,Library,40.78,896.09,18
2025-09-14 02:51:50,Admin Block,53.08,756.45,52
2025-09-14 02:51:55,Main Hall,60.12,502.08,36
2025-09-14 02:52:00,Lab Building,33.57,487.01,93
2025-09-14 02:52:05,Library,84.28,516.3,35
2025-09-14 02:52:10,Admin Block,85.55,945.1,10
2025-09-14 02:52:15,Cafeteria,41.48,449.41,27
2025-09-14 02:52:20,Lab Building,84.69,735.59,71
2025-09-14 03:09:41,Library,39.65,706.31,31
2025-09-14 03:10:04,Library,53.47,431.75,77
2025-09-14 03:10:09,Lab Building,65.05,989.05,58
2025-09-14 03:10:14,Admin Block,32.45,215.12,26
2025-09-14 03:10:19,Admin Block,92.72,782.59,35
2025-09-14 03:10:24,Admin Block,81.52,944.93,78
2025-09-14 03:10:29,Lab Building,52.41,267.41,71
2025-09-14 03:10:34,Library,55.29,417.18,67
2025-09-14 03:10:39,Cafeteria,79.4,665.91,30
2025-09-14 03:10:44,Admin Block,67.78,700.11,27
2025-09-14 03:27:58,Main Hall,30.84,544.39,98
2025-09-14 03:45:46,Library,96.34,209.91,30
2025-09-14 03:52:38,Lab Building,36.05,668.77,63
2025-09-14 03:52:43,Admin Block,64.65,672.83,28
2025-09-14 03:52:48,Lab Building,56.75,472.93,81
2025-09-14 03:52:53,Library,72.09,443.93,33
2025-09-14 03:52:58,Lab Building,40.71,789.64,95
2025-09-14 03:53:03,Admin Block,68.6,460.36,26
2025-09-14 03:53:08,Lab Building,79.55,519.09,73
2025-09-14 03:53:13,Lab Building,21.5,420.67,40
2025-09-14 03:53:18,Admin Block,90.65,662.57,25
2025-09-14 04:10:29,Main Hall,42.92,706.13,11
2025-09-14 04:27:00,Lab Building,76.6,861.31,38
2025-09-14 04:44:58,Library,56.19,236.05,34
2025-09-14 04:53:36,Lab Building,55.44,612.32,68
2025-09-14 04:53:41,Lab Building,53.2,883.07,20
2025-09-14 04:53:46,Main Hall,61.62,514.88,30
2025-09-14 04:53:51,Library,95.94,491.2,17
2025-09-14 04:53:56,Library,74.17,512.04,83
2025-09-14 04:54:01,Admin Block,84.81,710.08,19
2025-09-14 04:54:06,Cafeteria,97.73,654.84,27
2025-09-14 04:54:11,Library,76.54,571.27,19
2025-09-14 05:11:13,Library,73.73,927.42,76
2025-09-14 05:24:03,Library,64.65,670.01,41
2025-09-14 05:24:08,Main Hall,94.61,356.26,40
2025-09-14 05:24:13,Library,74.6,938.39,53
2025-09-14 05:24:18,Main Hall,20.08,784.58,62
2025-09-14 05:24:23,Main Hall,52.75,525.75,99
2025-09-14 05:40:27,Library,37.76,900.36,70
2025-09-14 05:54:40,Cafeteria,27.5,944.49,52
2025-09-14 05:54:45,Cafeteria,84.23,269.32,66
2025-09-14 05:54:50,Cafeteria,54.32,242.44,72
2025-09-14 05:54:55,Cafeteria,28.56,847.2,46
2025-09-14 05:55:00,Library,92.63,498.06,32
2025-09-14 05:55:05,Lab Building,22.91,215.18,49
2025-09-14 05:55:10,Main Hall,81.15,445.12,10
2025-09-14 05:55:15,Admin Block,71.86,609.35,36
2025-09-14 05:55:20,Cafeteria,68.78,330.48,47
2025-09-14 06:11:30,Cafeteria,27.55,288.5,92
2025-09-14 06:28:04,Admin Block,33.54,358.73,38
2025-09-14 06:43:47,Lab Building,64.09,969.51,64
2025-09-14 06:55:38,Main Hall,57.44,233.91,43
2025-09-14 06:55:43,Admin Block,96.2,713.19,34
2025-09-14 06:55:48,Admin Block,57.01,803.82,18
2025-09-14 06:55:53,Admin Block,62.51,706.43,45
2025-09-14 06:55:58,Admin Block,32.25,301.88,40
2025-09-14 06:56:03,Main Hall,88.5,768.44,91
2025-09-14 06:56:08,Admin Block,78.67,317.11,32
2025-09-14 06:56:13,Library,42.04,441.63,72
2025-09-14 06:56:18,Lab Building,65.12,618.44,81
2025-09-14 07:12:00,Lab Building,67.01,939.1,43
2025-09-14 07:22:16,Cafeteria,47.09,401.16,21
2025-09-14 07:22:21,Library,76.69,900.71,83
2025-09-14 07:22:26,Lab Building,58.55,912.99,19
2025-09-14 07:22:31,Admin Block,71.53,653.19,87
2025-09-14 07:22:36,Cafeteria,96.87,298.97,27
2025-09-14 07:22:41,Lab Building,97.53,773.18,94
2025-09-14 07:22:46,Lab Building,68.83,849.4,46
2025-09-14 07:22:51,Cafeteria,74.44,225.21,59
2025-09-14 07:22:56,Cafeteria,69.81,965.53,53
2025-09-14 07:39:14,Admin Block,83.12,579.82,83
2025-09-14 07:56:36,Cafeteria,47.82,411.82,83
2025-09-14 07:56:41,Cafeteria,87.59,466.2,80
2025-09-14 07:56:46,Library,33.46,688.6,57
2025-09-14 07:56:51,Cafeteria,27.98,475.48,40
2025-09-14 07:56:56,Main Hall,38.01,928.63,27
2025-09-14 07:57:01,Admin Block,60.2,935.21,52
2025-09-14 07:57:06,Library,43.48,977.51,22
2025-09-14 07:57:11,Main Hall,98.23,622.52,48
2025-09-14 07:57:16,Admin Block,37.4,722.11,48
2025-09-14 08:14:59,Library,37.11,601.44,70
2025-09-14 08:31:05,Admin Block,55.26,932.77,67
2025-09-14 08:42:23,Admin Block,24.64,869.77,79
2025-09-14 08:42:28,Admin Block,53.94,889.91,72
2025-09-14 08:42:33,Lab Building,87.1,987.19,64
2025-09-14 08:42:39,Admin Block,50.12,973.51,62
2025-09-14 08:42:44,Cafeteria,25.48,293.99,79
2025-09-14 08:42:49,Main Hall,94.77,548.99,21
2025-09-14 08:42:54,Main Hall,31.86,244.08,25
2025-09-14 08:42:58,Lab Building,81.68,582.03,79
2025-09-14 08:43:03,Admin Block,28.97,836.46,68
2025-09-14 08:43:08,Cafeteria,42.07,577.93,46
2025-09-14 08:43:13,Admin Block,24.01,877.82,88
2025-09-14 08:43:18,Main Hall,78.07,483.66,53
2025-09-14 08:43:23,Cafeteria,88.25,759.63,48
2025-09-14 08:43:28,Main Hall,32.56,937.36,73
2025-09-14 08:43:33,Library,33.08,230.91,30
2025-09-14 08:43:38,Main Hall,66.42,638.21,91
2025-09-14 08:43:43,Main Hall,85.91,952.05,91
2025-09-14 08:43:48,Lab Building,83.33,322.47,75
2025-09-14 08:43:53,Admin Block,87.53,280.92,15
2025-09-14 08:43:58,Lab Building,55.51,828.51,38
2025-09-14 08:44:03,Main Hall,58.84,432.3,81
2025-09-14 08:44:08,Admin Block,79.11,830.54,60
2025-09-14 08:44:13,Library,80.56,617.27,98
2025-09-14 08:44:18,Admin Block,34.61,968.17,86
2025-09-14 08:44:23,Lab Building,34.22,323.72,24
2025-09-14 08:44:28,Cafeteria,54.92,677.56,83
2025-09-14 08:44:33,Library,95.51,609.72,38
2025-09-14 08:44:38,Main Hall,87.28,411.24,95
2025-09-14 08:44:43,Cafeteria,49.69,486.79,73
2025-09-14 08:44:48,Lab Building,75.56,656.85,24
2025-09-14 08:44:53,Admin Block,20.51,940.16,100
2025-09-14 08:44:58,Library,84.41,931.31,50
2025-09-14 08:45:03,Admin Block,96.57,965.14,53
2025-09-14 08:45:08,Admin Block,81.85,826.32,86
2025-09-14 08:45:13,Cafeteria,61.98,513.63,32
2025-09-14 08:45:18,Admin Block,28.72,492.58,35
2025-09-14 08:45:23,Cafeteria,31.53,293.31,82
2025-09-14 08:45:28,Main Hall,60.73,446.89,63
2025-09-14 08:45:33,Cafeteria,55.11,689.11,43
2025-09-14 08:45:38,Cafeteria,64.87,202.06,18
2025-09-14 08:45:43,Lab Building,83.07,707.81,53
2025-09-14 08:45:48,Lab Building,85.86,589.46,63
2025-09-14 08:45:53,Lab Building,54.9,682.68,51
2025-09-14 08:45:58,Cafeteria,30.05,528.48,30
2025-09-14 08:46:03,Main Hall,42.93,816.49,27
2025-09-14 08:46:08,Main Hall,80.0,381.93,64
2025-09-14 08:46:13,Cafeteria,63.0,805.01,39
2025-09-14 08:46:18,Cafeteria,27.47,839.44,65
2025-09-14 08:46:23,Library,44.36,228.84,44
2025-09-14 08:46:28,Cafeteria,39.32,909.59,93
2025-09-14 08:46:33,Cafeteria,80.33,552.54,71
2025-09-14 08:46:38,Main Hall,71.58,610.47,91
2025-09-14 08:46:43,Library,59.43,224.35,24
2025-09-14 08:46:48,Admin Block,33.2,930.73,42
2025-09-14 08:46:53,Lab Building,91.64,407.19,29
2025-09-14 08:46:58,Cafeteria,33.79,951.38,66
2025-09-14 08:47:03,Lab Building,66.46,688.53,58
2025-09-14 08:47:08,Library,98.33,681.38,50
2025-09-14 08:47:13,Cafeteria,22.49,418.59,10
2025-09-14 08:47:18,Cafeteria,20.72,305.39,35
2025-09-14 08:47:23,Main Hall,48.36,461.96,48
2025-09-14 08:47:28,Library,33.68,920.17,56
2025-09-14 08:47:33,Admin Block,83.4,403.78,80
2025-09-14 08:47:39,Admin Block,37.73,872.77,39
2025-09-14 08:47:44,Library,96.86,769.93,56
2025-09-14 08:47:49,Admin Block,96.3,934.01,19
2025-09-14 08:47:54,Admin Block,95.33,933.48,93
2025-09-14 08:47:59,Cafeteria,85.47,551.92,49
2025-09-14 08:48:04,Main Hall,98.37,833.55,99
2025-09-14 08:48:09,Cafeteria,64.74,845.12,46
2025-09-14 08:48:14,Admin Block,98.75,960.87,54
2025-09-14 08:48:19,Library,20.13,923.56,91
2025-09-14 08:48:24,Library,88.3,472.05,96
2025-09-14 08:48:29,Admin Block,89.55,256.73,51
2025-09-14 08:48:34,Cafeteria,55.21,545.25,55
2025-09-14 08:48:39,Lab Building,26.3,405.32,68
2025-09-14 08:48:44,Admin Block,65.88,812.18,37
2025-09-14 08:48:49,Admin Block,36.56,938.87,77
2025-09-14 08:48:54,Lab Building,66.73,519.12,55
2025-09-14 08:48:59,Lab Building,24.49,772.28,64
2025-09-14 08:49:04,Main Hall,94.52,600.53,20
2025-09-14 08:49:09,Library,31.58,480.48,86
2025-09-14 08:49:14,Lab Building,45.55,615.62,64
2025-09-14 08:49:19,Main Hall,80.56,963.28,41
2025-09-14 08:49:24,Library,82.74,423.85,13
2025-09-14 08:49:29,Cafeteria,81.48,658.22,53
2025-09-14 08:49:34,Admin Block,34.1,386.3,74
2025-09-14 08:49:39,Main Hall,89.23,444.07,23
2025-09-14 08:49:44,Main Hall,68.13,893.46,45
2025-09-14 08:49:49,Library,32.71,582.18,78
2025-09-14 08:49:54,Library,43.91,264.11,17
2025-09-14 08:49:59,Lab Building,24.49,932.03,80
2025-09-14 08:50:04,Lab Building,37.39,828.32,11
2025-09-14 08:50:09,Main Hall,46.86,346.17,57
2025-09-14 08:50:14,Admin Block,93.45,620.2,70
2025-09-14 08:50:19,Admin Block,74.21,977.47,10
2025-09-14 08:50:24,Cafeteria,63.6,673.37,44
2025-09-14 08:50:29,Main Hall,93.86,536.95,91
2025-09-14 08:50:34,Lab Building,22.44,321.41,45
2025-09-14 08:50:39,Library,83.52,423.48,39
2025-09-14 08:50:44,Library,21.93,788.84,13
2025-09-14 08:50:49,Cafeteria,93.63,249.76,65
2025-09-14 08:50:54,Lab Building,66.6,382.2,48
2025-09-14 08:50:59,Admin Block,96.61,351.9,90
2025-09-14 08:51:04,Main Hall,38.75,926.93,31
2025-09-14 08:51:09,Lab Building,98.49,594.59,47
2025-09-14 08:51:14,Admin Block,72.14,287.11,48
2025-09-14 08:51:19,Library,84.06,518.39,95
2025-09-14 08:51:24,Library,68.6,700.21,12
2025-09-14 08:51:29,Lab Building,67.56,904.93,49
2025-09-14 08:51:34,Cafeteria,39.37,957.76,42
2025-09-14 08:51:39,Lab Building,58.04,515.83,61
2025-09-14 08:51:44,Library,20.8,993.95,73
2025-09-14 08:51:49,Main Hall,91.85,773.36,81
2025-09-14 08:51:54,Lab Building,27.42,841.92,70
2025-09-14 08:51:59,Admin Block,51.39,282.19,57
2025-09-14 08:52:04,Cafeteria,49.86,364.33,77
2025-09-14 08:52:09,Library,50.13,434.5,70
2025-09-14 08:52:14,Lab Building,76.75,479.4,21
2025-09-14 08:52:19,Main Hall,88.52,732.39,46
2025-09-14 08:52:24,Main Hall,39.9,268.59,86
2025-09-14 08:52:29,Admin Block,46.17,351.2,62
2025-09-14 08:52:34,Admin Block,89.37,421.76,40
2025-09-14 08:52:39,Cafeteria,80.86,684.29,75
2025-09-14 08:52:44,Lab Building,54.21,548.78,84
2025-09-14 08:52:49,Lab Building,40.75,993.6,90
2025-09-14 08:52:54,Admin Block,42.24,521.22,92
2025-09-14 08:52:59,Library,37.25,584.46,70
2025-09-14 08:53:04,Lab Building,50.59,367.28,49
2025-09-14 08:53:09,Cafeteria,42.99,525.48,32
2025-09-14 08:53:14,Library,46.72,712.32,98
2025-09-14 08:53:19,Library,49.66,514.0,23
2025-09-14 08:53:24,Lab Building,65.13,782.77,42
2025-09-14 08:53:29,Main Hall,94.21,673.41,24
2025-09-14 08:53:34,Admin Block,34.12,660.11,49
2025-09-14 08:53:39,Admin Block,77.8,854.04,65
2025-09-14 08:53:44,Library,27.15,574.04,80
2025-09-14 08:53:49,Lab Building,94.2,734.2,50
2025-09-14 08:53:54,Library,30.0,381.23,35
2025-09-14 08:53:59,Main Hall,74.29,667.29,95
2025-09-14 08:54:04,Lab Building,99.91,777.72,16
2025-09-14 08:54:09,Lab Building,44.02,400.92,89
2025-09-14 08:54:14,Admin Block,92.57,867.2,98
2025-09-14 08:54:19,Library,28.81,476.25,56
2025-09-14 08:54:24,Lab Building,49.3,752.5,38
2025-09-14 08:54:29,Main Hall,44.34,312.28,53
2025-09-14 08:54:34,Library,54.31,621.91,99
2025-09-14 08:54:39,Admin Block,90.32,859.64,30
2025-09-14 08:54:44,Main Hall,37.42,595.73,45
2025-09-14 08:54:49,Main Hall,51.02,367.7,56
2025-09-14 08:54:54,Admin Block,32.14,560.31,64
2025-09-14 08:54:59,Lab Building,50.79,661.16,66
2025-09-14 08:55:04,Main Hall,93.52,937.41,16
2025-09-14 08:55:09,Main Hall,85.52,444.82,57
2025-09-14 08:55:14,Library,74.74,634.57,92
2025-09-14 08:55:19,Cafeteria,47.08,646.88,35
2025-09-14 08:55:24,Main Hall,32.63,653.24,66
2025-09-14 08:55:29,Main Hall,51.99,837.25,36
2025-09-14 08:55:34,Lab Building,97.65,358.07,27
2025-09-14 08:55:39,Library,23.72,297.49,92
2025-09-14 08:55:44,Cafeteria,86.09,527.51,46
2025-09-14 08:55:49,Lab Building,39.91,944.54,21
2025-09-14 08:55:54,Lab Building,75.5,526.02,37
2025-09-14 08:55:59,Lab Building,54.92,937.74,66
2025-09-14 08:56:04,Main Hall,91.89,806.92,52
2025-09-14 08:56:09,Main Hall,75.36,775.14,63
2025-09-14 08:56:14,Library,20.16,383.17,80
2025-09-14 08:56:19,Lab Building,71.99,954.03,55
2025-09-14 08:56:24,Cafeteria,83.71,647.03,27
2025-09-14 08:56:29,Library,38.19,605.62,65
2025-09-14 08:56:34,Main Hall,56.32,524.26,17
2025-09-14 08:56:39,Library,60.58,205.02,48
2025-09-14 08:56:44,Cafeteria,34.8,882.98,43
2025-09-14 08:56:49,Library,90.29,525.45,37
2025-09-14 08:56:54,Lab Building,46.74,401.28,53
2025-09-14 08:56:59,Main Hall,90.48,537.18,39
2025-09-14 08:57:04,Library,53.64,457.35,86
2025-09-14 08:57:09,Library,77.54,451.07,97
2025-09-14 08:57:14,Lab Building,59.49,894.84,99
2025-09-14 08:57:19,Library,30.62,356.21,11
2025-09-14 08:57:24,Lab Building,30.65,926.8,84
2025-09-14 08:57:29,Cafeteria,84.44,224.24,79
2025-09-14 08:57:34,Main Hall,63.61,600.49,16
2025-09-14 08:57:39,Admin Block,97.94,420.5,82
2025-09-14 08:57:44,Cafeteria,30.45,689.1,17
2025-09-14 08:57:49,Main Hall,79.29,255.41,16
2025-09-14 08:57:54,Library,70.52,351.17,59
2025-09-14 08:57:59,Library,90.0,410.63,56
2025-09-14 08:58:04,Cafeteria,97.86,431.93,86
2025-09-14 08:58:09,Admin Block,61.21,290.75,98
2025-09-14 08:58:14,Admin Block,76.99,693.34,59
2025-09-14 08:58:19,Library,96.19,404.51,45
2025-09-14 08:58:24,Admin Block,82.08,787.09,51
2025-09-14 08:58:29,Admin Block,60.11,571.92,38
2025-09-14 08:58:34,Admin Block,48.74,801.04,70
2025-09-14 08:58:39,Library,34.35,500.11,25
2025-09-14 08:58:44,Lab Building,77.26,869.2,98
2025-09-14 08:58:49,Lab Building,25.39,745.72,61
2025-09-14 08:58:54,Lab Building,88.82,779.61,71
2025-09-14 08:59:00,Library,28.31,343.09,83
2025-09-14 08:59:05,Main Hall,88.25,788.8,15
2025-09-14 08:59:10,Lab Building,36.79,547.77,23
2025-09-14 08:59:15,Cafeteria,47.45,458.85,66
2025-09-14 08:59:20,Library,51.21,247.82,27
2025-09-14 08:59:25,Cafeteria,24.75,485.09,98
2025-09-14 08:59:30,Cafeteria,76.58,486.86,91
2025-09-14 08:59:35,Library,37.17,449.85,66
2025-09-14 08:59:40,Cafeteria,39.07,628.23,63
2025-09-14 08:59:45,Cafeteria,69.5,416.76,18
2025-09-14 08:59:50,Lab Building,28.49,899.58,48
2025-09-14 08:59:55,Main Hall,30.52,851.01,48
2025-09-14 09:00:00,Library,48.31,797.38,82
2025-09-14 09:00:05,Admin Block,87.62,688.21,50
2025-09-14 09:00:10,Admin Block,78.33,736.0,12
2025-09-14 09:00:15,Library,99.66,383.91,63
2025-09-14 09:00:20,Admin Block,54.91,871.72,93
2025-09-14 09:00:25,Lab Building,30.04,232.91,39
2025-09-14 09:00:30,Admin Block,83.96,816.36,95
2025-09-14 09:00:35,Lab Building,78.73,671.68,33
2025-09-14 09:00:40,Lab Building,89.02,866.13,60
2025-09-14 09:00:45,Admin Block,71.2,457.64,83
2025-09-14 09:00:50,Library,24.32,421.71,13
2025-09-14 09:00:55,Cafeteria,80.72,987.84,50
2025-09-14 09:01:00,Main Hall,23.68,871.43,59
2025-09-14 09:01:05,Library,83.03,630.37,14
2025-09-14 09:01:10,Main Hall,45.02,887.71,67
2025-09-14 09:01:15,Lab Building,83.61,604.72,41
2025-09-14 09:01:20,Cafeteria,70.07,327.06,44
2025-09-14 09:01:25,Cafeteria,61.64,983.06,92
2025-09-14 09:01:30,Main Hall,74.58,745.01,28
2025-09-14 09:01:35,Lab Building,81.95,879.09,97
2025-09-14 09:01:40,Library,31.53,674.69,83
2025-09-14 09:01:45,Library,59.13,477.56,28
2025-09-14 09:01:50,Lab Building,69.33,875.86,46
2025-09-14 09:01:55,Cafeteria,72.47,417.72,86
2025-09-14 09:02:00,Main Hall,67.28,649.8,95
2025-09-14 09:02:05,Admin Block,65.74,378.16,65
2025-09-14 09:02:10,Lab Building,69.41,882.75,59
2025-09-14 09:02:15,Admin Block,49.56,851.89,98
2025-09-14 09:02:20,Library,92.76,528.53,11
2025-09-14 09:02:25,Admin Block,82.75,664.3,89
2025-09-14 09:02:30,Cafeteria,57.56,606.09,68
2025-09-14 09:02:35,Admin Block,40.34,593.68,60
2025-09-14 09:02:40,Lab Building,25.48,969.58,54
2025-09-14 09:02:45,Library,40.34,337.43,16
2025-09-14 09:02:50,Cafeteria,56.86,689.31,53
2025-09-14 09:02:55,Main Hall,88.59,856.82,55
2025-09-14 09:03:00,Library,94.15,657.89,58
2025-09-14 09:03:05,Admin Block,41.22,961.11,14
2025-09-14 09:03:10,Lab Building,94.64,673.34,55
2025-09-14 09:03:15,Lab Building,49.25,442.75,32
2025-09-14 09:03:20,Lab Building,65.33,384.56,39
2025-09-14 09:03:25,Library,82.94,745.96,16
2025-09-14 09:03:30,Library,56.43,832.97,27
2025-09-14 09:03:35,Library,67.87,423.61,53
2025-09-14 09:03:40,Admin Block,74.77,843.04,64
2025-09-14 09:03:45,Lab Building,52.72,632.41,52
2025-09-14 09:03:50,Lab Building,29.27,742.41,36
2025-09-14 09:03:55,Admin Block,25.44,618.05,38
2025-09-14 09:04:00,Cafeteria,47.39,651.81,12
2025-09-14 09:04:05,Cafeteria,71.89,213.73,81
2025-09-14 09:04:10,Main Hall,61.72,692.96,94
2025-09-14 09:04:15,Lab Building,27.45,851.63,71
2025-09-14 09:04:20,Library,77.15,994.73,10
2025-09-14 09:04:25,Main Hall,21.6,392.15,84
2025-09-14 09:04:30,Admin Block,67.69,507.56,78
2025-09-14 09:04:35,Lab Building,29.7,857.62,17
2025-09-14 09:04:40,Library,44.51,938.14,70
2025-09-14 09:04:45,Admin Block,83.19,828.53,72
2025-09-14 09:04:50,Admin Block,67.03,821.35,76
2025-09-14 09:04:55,Library,87.85,438.26,59
2025-09-14 09:05:00,Lab Building,79.6,718.14,31
2025-09-14 09:05:05,Cafeteria,78.65,373.82,94
2025-09-14 09:05:10,Cafeteria,90.39,255.92,27
2025-09-14 09:05:15,Library,75.08,522.6,82
2025-09-14 09:05:20,Main Hall,28.23,881.68,17
2025-09-14 09:05:25,Library,64.79,825.44,36
2025-09-14 09:05:30,Lab Building,52.73,382.57,21
2025-09-14 09:05:35,Cafeteria,99.28,447.7,39
2025-09-14 09:05:40,Library,82.97,759.06,95
2025-09-14 09:05:45,Lab Building,76.08,734.96,17
2025-09-14 09:05:50,Admin Block,48.11,755.28,28
2025-09-14 09:05:55,Lab Building,86.31,732.3,20
2025-09-14 09:06:00,Lab Building,77.44,279.94,26
2025-09-14 09:06:05,Cafeteria,70.54,872.02,76
2025-09-14 09:06:10,Admin Block,54.14,685.37,78
2025-09-14 09:06:15,Library,76.93,671.1,23
2025-09-14 09:06:20,Library,89.01,262.54,19
2025-09-14 09:06:25,Cafeteria,74.67,738.68,85
2025-09-14 09:06:30,Lab Building,25.26,342.46,43
2025-09-14 09:06:35,Library,50.11,432.4,40
2025-09-14 09:06:40,Main Hall,98.9,552.73,71
2025-09-14 09:06:45,Main Hall,28.35,595.9,60
2025-09-14 09:06:50,Main Hall,25.29,278.62,37
2025-09-14 09:06:55,Lab Building,45.2,928.17,88
2025-09-14 09:07:00,Cafeteria,74.85,339.25,70
2025-09-14 09:07:05,Admin Block,86.91,786.08,66
2025-09-14 09:07:10,Main Hall,69.63,530.03,11
2025-09-14 09:07:15,Cafeteria,86.39,378.9,46
2025-09-14 09:07:20,Main Hall,55.75,853.55,16
2025-09-14 09:07:25,Main Hall,95.52,233.87,59
2025-09-14 09:07:30,Lab Building,86.79,298.89,44
2025-09-14 09:07:35,Main Hall,57.67,444.28,51
2025-09-14 09:07:40,Main Hall,91.52,559.71,44
2025-09-14 09:07:45,Library,47.16,481.22,92
2025-09-14 09:07:50,Main Hall,97.44,788.67,92
2025-09-14 09:07:55,Cafeteria,82.45,321.13,36
2025-09-14 09:08:00,Cafeteria,63.56,941.01,13
2025-09-14 09:08:05,Main Hall,90.13,685.8,15
2025-09-14 09:08:10,Lab Building,71.81,901.45,89
2025-09-14 09:08:15,Main Hall,63.8,646.23,11
2025-09-14 09:08:20,Main Hall,33.67,630.5,23
2025-09-14 09:08:25,Lab Building,74.92,379.41,59
2025-09-14 09:08:30,Library,55.27,630.54,41
2025-09-14 09:08:35,Cafeteria,28.83,657.87,28
2025-09-14 09:08:40,Main Hall,36.35,250.19,12
2025-09-14 09:08:45,Main Hall,84.73,362.83,67
2025-09-14 09:08:50,Lab Building,77.03,813.85,11
2025-09-14 09:08:55,Cafeteria,45.03,852.21,77
2025-09-14 09:09:00,Lab Building,73.4,737.16,16
2025-09-14 09:09:05,Cafeteria,72.01,208.09,26
2025-09-14 09:09:10,Lab Building,37.92,544.99,32
2025-09-14 09:09:15,Lab Building,23.02,901.57,70
2025-09-14 09:09:20,Library,84.65,332.79,43
2025-09-14 09:09:25,Main Hall,30.15,673.56,81
2025-09-14 09:09:30,Library,39.46,882.93,30
2025-09-14 09:09:35,Lab Building,91.35,833.46,45
2025-09-14 09:09:40,Lab Building,94.13,728.04,100
2025-09-14 09:09:45,Library,41.05,372.36,81
2025-09-14 09:09:50,Cafeteria,35.6,461.85,36
2025-09-14 09:09:55,Admin Block,27.82,766.31,47
2025-09-14 09:10:00,Cafeteria,69.42,603.67,93
2025-09-14 09:10:06,Admin Block,66.53,822.81,28
2025-09-14 09:10:11,Main Hall,48.64,823.54,17
2025-09-14 09:10:16,Main Hall,64.95,988.65,100
2025-09-14 09:10:21,Main Hall,92.39,586.01,48
2025-09-14 09:10:26,Admin Block,20.11,445.89,84
2025-09-14 09:10:31,Main Hall,68.02,899.73,74
2025-09-14 09:10:36,Lab Building,67.66,879.58,40
2025-09-14 09:10:41,Cafeteria,72.24,423.2,18
2025-09-14 09:10:46,Cafeteria,72.58,500.07,91
2025-09-14 09:10:51,Cafeteria,97.34,826.69,44
2025-09-14 09:10:56,Main Hall,63.1,869.88,49
2025-09-14 09:11:01,Library,40.57,455.56,16
2025-09-14 09:11:06,Lab Building,96.63,350.01,25
2025-09-14 09:11:11,Main Hall,30.36,464.4,88
2025-09-14 09:11:16,Cafeteria,52.33,943.04,20
2025-09-14 09:11:21,Admin Block,22.29,691.46,84
2025-09-14 09:11:26,Lab Building,26.24,495.16,22
2025-09-14 09:11:31,Library,99.25,904.32,41
2025-09-14 09:11:36,Cafeteria,46.13,942.2,53
2025-09-14 09:11:41,Cafeteria,67.61,282.07,66
2025-09-14 09:11:46,Lab Building,23.13,904.48,84
2025-09-14 09:11:51,Main Hall,78.95,664.36,42
2025-09-14 09:11:56,Lab Building,78.82,813.72,36
2025-09-14 09:12:01,Main Hall,71.43,268.97,13
2025-09-14 09:12:06,Library,78.95,588.72,58
2025-09-14 09:12:11,Main Hall,21.24,685.2,80
2025-09-14 09:12:16,Main Hall,28.83,831.95,88
2025-09-14 09:12:21,Admin Block,25.27,498.99,78
2025-09-14 09:12:26,Main Hall,68.42,244.53,18
2025-09-14 09:12:31,Main Hall,73.25,479.24,99
2025-09-14 09:12:36,Lab Building,71.36,331.29,48
2025-09-14 09:12:41,Cafeteria,60.22,443.72,85
2025-09-14 09:12:46,Lab Building,47.42,638.69,89
2025-09-14 09:12:51,Admin Block,77.38,675.61,37
2025-09-14 09:12:56,Lab Building,59.05,789.16,94
2025-09-14 09:13:01,Lab Building,38.03,681.0,14
2025-09-14 09:13:06,Cafeteria,93.31,393.09,73
2025-09-14 09:13:11,Lab Building,76.93,430.94,79
2025-09-14 09:13:16,Main Hall,82.75,670.27,17
2025-09-14 09:13:21,Admin Block,46.68,334.9,97
2025-09-14 09:13:26,Cafeteria,85.37,633.34,96
2025-09-14 09:13:31,Admin Block,91.81,729.34,72
2025-09-14 09:13:36,Cafeteria,91.72,920.75,88
2025-09-14 09:13:41,Lab Building,38.28,326.09,74
2025-09-14 09:13:46,Admin Block,89.3,642.1,22
2025-09-14 09:13:51,Lab Building,30.37,833.65,16
2025-09-14 09:13:56,Cafeteria,35.36,432.14,22
2025-09-14 09:14:01,Library,36.46,882.2,48
2025-09-14 09:14:06,Cafeteria,44.46,592.68,22
2025-09-14 09:14:11,Admin Block,73.41,279.34,74
2025-09-14 09:14:16,Library,82.33,973.67,51
2025-09-14 09:14:21,Admin Block,43.94,740.37,59
2025-09-14 09:14:26,Main Hall,63.77,895.25,41
2025-09-14 09:14:31,Lab Building,46.86,616.34,46
2025-09-14 09:14:36,Admin Block,50.05,469.18,13
2025-09-14 09:14:41,Main Hall,31.24,726.81,39
2025-09-14 09:14:46,Admin Block,54.49,967.2,32
2025-09-14 09:14:51,Lab Building,66.23,310.7,29
2025-09-14 09:14:56,Cafeteria,49.66,546.31,12
2025-09-14 09:15:01,Library,28.45,514.59,100
2025-09-14 09:15:06,Main Hall,20.62,942.09,68
2025-09-14 09:15:11,Cafeteria,77.94,337.09,88
2025-09-14 09:15:16,Admin Block,26.9,886.53,11
2025-09-14 09:15:21,Cafeteria,92.58,994.49,79
2025-09-14 09:15:26,Lab Building,32.64,324.16,97
2025-09-14 09:15:31,Main Hall,39.13,714.35,63
2025-09-14 09:15:36,Lab Building,37.41,707.37,98
2025-09-14 09:15:41,Main Hall,53.55,899.87,72
2025-09-14 09:15:46,Cafeteria,47.31,310.58,19
2025-09-14 09:15:51,Cafeteria,45.31,335.03,89
2025-09-14 09:15:56,Lab Building,49.36,691.25,14
2025-09-14 09:16:01,Lab Building,57.86,543.52,86
2025-09-14 09:16:06,Cafeteria,98.83,439.57,72
2025-09-14 09:16:11,Main Hall,47.8,433.7,99
2025-09-14 09:16:16,Main Hall,36.83,684.07,31
2025-09-14 09:16:21,Cafeteria,76.73,246.52,28
2025-09-14 09:16:26,Main Hall,78.39,853.2,12
2025-09-14 09:16:31,Cafeteria,59.08,892.7,59
2025-09-14 09:16:36,Lab Building,55.91,299.54,98
2025-09-14 09:16:41,Admin Block,89.8,973.58,16
2025-09-14 09:16:46,Library,64.83,518.11,95
2025-09-14 09:16:51,Main Hall,66.02,636.95,29
2025-09-14 09:16:56,Library,60.69,325.09,75
2025-09-14 09:17:01,Cafeteria,77.33,849.71,71
2025-09-14 09:17:06,Library,54.92,539.48,53
2025-09-14 09:17:11,Cafeteria,50.11,284.68,77
2025-09-14 09:17:16,Cafeteria,82.75,299.81,25
2025-09-14 09:17:21,Main Hall,78.17,420.3,47
2025-09-14 09:17:26,Main Hall,79.47,383.35,81
2025-09-14 09:17:31,Lab Building,33.92,581.2,80
2025-09-14 09:17:36,Cafeteria,37.57,517.06,18
2025-09-14 09:17:41,Lab Building,88.64,220.74,55
2025-09-14 09:17:46,Library,97.57,305.49,97
2025-09-14 09:17:51,Library,53.53,902.8,46
2025-09-14 09:17:56,Lab Building,51.22,754.29,33
2025-09-14 09:18:01,Lab Building,74.3,235.01,59
2025-09-14 09:18:06,Cafeteria,80.96,427.7,27
2025-09-14 09:18:11,Lab Building,57.23,429.29,79
2025-09-14 09:18:16,Main Hall,71.86,252.87,96
2025-09-14 09:18:21,Library,57.03,420.02,35
2025-09-14 09:18:26,Main Hall,33.31,234.83,69
2025-09-14 09:18:31,Cafeteria,48.32,720.45,72
2025-09-14 09:18:36,Lab Building,50.51,318.53,94
2025-09-14 09:18:41,Cafeteria,81.85,990.88,19
2025-09-14 09:18:46,Lab Building,21.83,924.74,30
2025-09-14 09:18:51,Main Hall,88.07,567.68,98
2025-09-14 09:18:56,Lab Building,77.51,309.38,67
2025-09-14 09:19:01,Cafeteria,81.24,397.94,62
2025-09-14 09:19:06,Library,48.63,516.59,35
2025-09-14 09:19:11,Main Hall,70.76,634.54,95
2025-09-14 09:19:16,Admin Block,49.68,469.01,30
2025-09-14 09:19:21,Cafeteria,81.6,956.21,46
2025-09-14 09:19:26,Main Hall,74.21,694.94,61
2025-09-14 09:19:31,Main Hall,66.07,419.82,76
2025-09-14 09:19:36,Cafeteria,37.18,857.11,24
2025-09-14 09:19:41,Lab Building,50.2,820.16,100
2025-09-14 09:19:46,Lab Building,87.38,794.05,58
2025-09-14 09:19:51,Main Hall,89.54,459.49,10
2025-09-14 09:19:56,Library,47.36,734.03,83
2025-09-14 09:20:01,Admin Block,46.86,295.06,63
2025-09-14 09:20:06,Main Hall,41.7,670.92,25
2025-09-14 09:20:11,Admin Block,67.82,824.4,98
2025-09-14 09:20:16,Lab Building,87.46,929.28,59
2025-09-14 09:20:21,Lab Building,97.62,752.18,62
2025-09-14 09:20:26,Admin Block,94.23,885.82,34
2025-09-14 09:20:31,Cafeteria,62.59,728.11,87
2025-09-14 09:20:36,Cafeteria,92.69,653.37,90
2025-09-14 09:20:41,Main Hall,43.45,422.26,80
2025-09-14 09:20:46,Lab Building,87.19,717.22,99
2025-09-14 09:20:51,Admin Block,25.97,331.62,21
2025-09-14 09:20:56,Main Hall,88.59,859.02,34
2025-09-14 09:28:42,Main Hall,39.33,564.54,59
2025-09-14 09:28:47,Cafeteria,76.23,276.26,90
2025-09-14 09:28:52,Admin Block,20.68,629.92,21
2025-09-14 09:28:57,Library,65.16,906.65,14
2025-09-14 09:29:02,Lab Building,77.42,255.23,76
2025-09-14 09:29:07,Library,85.12,234.39,51
2025-09-14 09:29:12,Main Hall,79.87,704.68,71
2025-09-14 09:29:17,Cafeteria,66.87,823.52,76
2025-09-14 09:29:22,Library,58.53,572.71,45
2025-09-14 09:45:13,Cafeteria,46.79,900.49,64
2025-09-14 09:46:36,Library,68.71,451.31,72
2025-09-14 09:46:41,Cafeteria,45.21,617.49,76
2025-09-14 09:46:46,Admin Block,73.13,256.71,24
2025-09-14 09:46:51,Admin Block,26.11,693.5,48
2025-09-14 09:46:56,Lab Building,40.08,334.34,13
2025-09-14 09:47:01,Main Hall,43.63,352.87,23
2025-09-14 09:47:06,Cafeteria,91.88,287.64,66
2025-09-14 09:47:12,Admin Block,23.97,679.48,83
2025-09-14 09:47:17,Lab Building,72.12,541.74,11
2025-09-14 09:47:22,Library,97.95,632.73,46
2025-09-14 09:47:27,Main Hall,36.6,378.19,61
2025-09-14 09:47:32,Cafeteria,52.16,665.12,30
2025-09-14 09:47:37,Main Hall,57.07,307.06,19
2025-09-14 09:47:42,Lab Building,79.66,484.64,92
2025-09-14 09:47:47,Library,67.47,699.75,30
2025-09-14 09:47:52,Main Hall,59.9,923.33,64
2025-09-14 09:47:57,Cafeteria,77.22,796.56,19
2025-09-14 09:48:02,Library,38.88,376.87,64
2025-09-14 09:52:20,Lab Building,67.99,546.88,43
2025-09-14 09:52:26,Main Hall,60.4,687.53,67
2025-09-14 09:52:31,Lab Building,78.25,282.82,11
2025-09-14 09:52:36,Lab Building,34.56,635.79,61
2025-09-14 09:52:41,Main Hall,39.02,316.88,93
2025-09-14 09:52:46,Cafeteria,43.54,800.33,12
2025-09-14 09:52:51,Admin Block,91.07,863.28,81
2025-09-14 09:52:56,Library,43.45,708.36,21
2025-09-14 09:53:01,Lab Building,21.24,507.66,57
2025-09-14 09:53:06,Admin Block,39.68,448.68,93
2025-09-14 09:53:11,Cafeteria,28.61,509.81,68
2025-09-14 09:53:16,Library,92.74,939.86,23
2025-09-14 09:53:21,Admin Block,38.4,293.3,28
2025-09-14 09:53:26,Main Hall,93.41,266.67,38
2025-09-14 09:53:31,Lab Building,53.37,324.86,59
2025-09-14 09:53:36,Library,24.56,381.33,92
2025-09-14 09:53:41,Lab Building,87.5,490.11,32
2025-09-14 09:53:46,Library,80.29,497.27,35
2025-09-14 09:53:51,Lab Building,88.05,648.68,83
2025-09-14 09:53:56,Cafeteria,48.2,741.35,29
2025-09-14 09:54:01,Library,45.67,748.77,60
2025-09-14 09:54:06,Library,94.22,744.22,97
2025-09-14 09:54:11,Admin Block,87.67,208.83,17
2025-09-14 09:54:16,Lab Building,64.15,857.81,70
2025-09-14 09:54:21,Cafeteria,22.86,933.64,21
2025-09-14 09:54:26,Library,35.52,734.59,75
2025-09-14 09:54:31,Library,31.21,739.61,38
2025-09-14 09:54:36,Main Hall,56.77,310.54,85
2025-09-14 09:54:41,Cafeteria,64.4,991.11,35
2025-09-14 09:54:46,Admin Block,64.07,812.71,85
2025-09-14 09:54:51,Cafeteria,75.95,862.76,100
2025-09-14 09:54:56,Lab Building,43.61,385.2,89
2025-09-14 09:55:01,Main Hall,59.84,681.41,45
2025-09-14 09:55:06,Cafeteria,93.66,719.07,79
2025-09-14 09:55:11,Library,74.77,376.06,14
2025-09-14 09:55:16,Admin Block,52.55,255.84,44
2025-09-14 09:55:21,Library,34.26,709.72,29
2025-09-14 09:55:26,Main Hall,74.7,448.37,62
2025-09-14 09:55:31,Admin Block,52.96,232.69,94
2025-09-14 09:55:36,Main Hall,65.36,915.88,95
2025-09-14 09:55:41,Cafeteria,46.52,587.33,75
2025-09-14 09:55:46,Cafeteria,32.62,644.21,56
2025-09-14 09:55:51,Main Hall,29.8,830.58,86
2025-09-14 09:55:56,Cafeteria,69.39,604.01,54
2025-09-14 09:56:01,Lab Building,39.1,592.4,40
2025-09-14 09:56:06,Cafeteria,42.3,805.37,60
2025-09-14 09:56:11,Lab Building,75.28,340.0,12
2025-09-14 09:56:16,Admin Block,84.66,282.97,54
2025-09-14 09:56:21,Admin Block,78.71,644.66,20
2025-09-14 09:56:26,Cafeteria,79.93,505.56,52
2025-09-14 09:56:31,Main Hall,92.95,431.37,18
2025-09-14 09:56:36,Library,37.99,916.68,28
2025-09-14 09:56:41,Admin Block,92.4,391.71,76
2025-09-14 09:56:46,Cafeteria,64.67,588.95,48
2025-09-14 09:56:51,Cafeteria,54.88,644.3,20
2025-09-14 09:56:56,Cafeteria,83.43,992.85,42
2025-09-14 09:57:01,Cafeteria,36.33,885.63,22
2025-09-14 09:57:06,Lab Building,41.78,322.01,96
2025-09-14 10:06:16,Library,49.46,430.29,71
2025-09-14 10:06:21,Cafeteria,83.62,573.12,22
2025-09-14 10:06:26,Admin Block,78.96,770.38,65
2025-09-14 10:06:31,Admin Block,79.6,537.56,86
2025-09-14 10:06:36,Library,24.72,250.99,67
2025-09-14 10:06:41,Admin Block,68.09,216.46,65
2025-09-14 10:06:46,Library,37.22,746.67,90
2025-09-14 10:06:51,Admin Block,52.06,558.15,37
2025-09-14 10:06:56,Lab Building,90.16,228.53,84
2025-09-14 10:07:01,Lab Building,45.44,284.18,40
2025-09-14 10:07:06,Main Hall,61.54,653.63,96
2025-09-14 10:07:11,Lab Building,69.16,836.86,33
2025-09-14 10:07:16,Main Hall,90.57,509.67,17
2025-09-14 10:07:21,Admin Block,44.16,830.28,58
2025-09-14 10:07:26,Lab Building,37.04,970.72,35
2025-09-14 10:07:31,Library,92.35,814.96,48
2025-09-14 10:07:36,Admin Block,42.17,471.61,23
2025-09-14 10:07:41,Library,30.69,247.27,36
2025-09-14 10:07:46,Cafeteria,98.63,950.48,19
2025-09-14 10:07:51,Library,26.05,384.97,17
2025-09-14 10:07:56,Main Hall,42.18,948.57,91
2025-09-14 10:08:01,Main Hall,42.56,359.87,69
2025-09-14 10:08:06,Lab Building,91.46,777.27,92
2025-09-14 10:08:11,Main Hall,65.37,891.45,51
2025-09-14 10:08:16,Lab Building,95.35,406.38,11
2025-09-14 10:08:21,Main Hall,91.21,878.77,89
2025-09-14 10:08:26,Lab Building,89.29,677.86,61
2025-09-14 10:08:31,Library,66.21,399.76,13
2025-09-14 10:08:36,Cafeteria,35.81,231.02,87
2025-09-14 10:08:41,Library,20.95,405.04,65
2025-09-14 10:08:46,Library,46.0,976.72,26
2025-09-14 10:08:51,Admin Block,70.13,430.86,31
2025-09-14 10:08:56,Admin Block,95.53,579.42,48
2025-09-14 10:09:01,Library,91.13,397.47,51
2025-09-14 10:09:06,Admin Block,78.61,651.81,94
2025-09-14 10:09:11,Library,91.03,672.42,71
2025-09-14 10:09:16,Cafeteria,84.88,924.36,38
2025-09-14 10:09:21,Cafeteria,59.24,970.97,65
2025-09-14 10:09:26,Lab Building,51.84,605.84,35
2025-09-14 10:09:31,Admin Block,37.35,814.5,75
2025-09-14 10:09:36,Lab Building,23.41,568.68,39
2025-09-14 10:09:41,Cafeteria,56.6,461.07,61
2025-09-14 10:09:46,Library,71.77,672.02,25
2025-09-14 10:09:51,Library,70.89,972.34,59
2025-09-14 10:09:56,Admin Block,32.81,404.06,12
2025-09-14 10:10:01,Lab Building,51.48,898.83,41
2025-09-14 10:10:06,Admin Block,87.35,811.8,37
2025-09-14 10:10:11,Library,66.64,495.77,44
2025-09-14 10:10:16,Library,66.09,761.27,100
2025-09-14 10:10:21,Cafeteria,22.37,462.36,21
2025-09-14 10:10:26,Lab Building,40.78,950.9,59
2025-09-14 10:10:31,Cafeteria,69.92,598.17,44
2025-09-14 10:10:36,Cafeteria,45.86,472.76,68
2025-09-14 10:10:41,Library,58.44,923.27,40
2025-09-14 10:10:46,Library,23.71,470.17,73
2025-09-14 10:10:51,Admin Block,71.72,564.94,77
2025-09-14 10:10:56,Library,37.97,983.71,15
2025-09-14 10:11:01,Lab Building,69.93,476.46,20
2025-09-14 10:11:06,Library,23.14,994.0,18
2025-09-14 10:11:11,Library,39.7,615.18,24
2025-09-14 10:11:16,Admin Block,70.91,255.83,83
2025-09-14 10:11:21,Library,35.91,438.93,61
2025-09-14 10:11:26,Library,71.23,264.58,49
2025-09-14 10:11:31,Cafeteria,91.68,346.64,71
2025-09-14 10:11:36,Main Hall,28.12,440.54,82
2025-09-14 10:11:41,Lab Building,31.57,806.42,59
2025-09-14 10:11:46,Main Hall,81.91,567.63,38
2025-09-14 10:11:51,Lab Building,99.48,420.4,98
2025-09-14 10:11:56,Admin Block,78.73,896.57,31
2025-09-14 10:12:01,Admin Block,67.17,816.73,76
2025-09-14 10:12:06,Library,81.23,608.08,84
2025-09-14 10:12:11,Lab Building,42.77,823.91,91
2025-09-14 10:12:16,Library,52.52,432.38,35
2025-09-14 10:12:21,Cafeteria,31.32,701.41,77
2025-09-14 10:12:26,Main Hall,28.41,232.01,79
2025-09-14 10:12:31,Lab Building,86.68,932.36,49
2025-09-14 10:12:36,Cafeteria,32.4,683.7,35
2025-09-14 10:12:41,Library,93.17,732.46,75
2025-09-14 10:12:46,Cafeteria,81.25,805.14,90
2025-09-14 10:12:51,Library,32.1,921.07,56
2025-09-14 10:12:56,Lab Building,47.78,537.24,26
2025-09-14 10:13:01,Main Hall,99.67,211.28,92
2025-09-14 10:13:06,Main Hall,68.64,745.52,50
2025-09-14 10:13:11,Admin Block,21.35,568.32,75
2025-09-14 10:13:16,Admin Block,39.91,576.28,21
2025-09-14 10:13:21,Main Hall,55.8,949.42,33
2025-09-14 10:13:26,Library,83.0,932.72,18
2025-09-14 10:13:31,Main Hall,48.73,472.21,32
2025-09-14 10:13:36,Library,86.0,759.4,77
2025-09-14 10:13:41,Admin Block,29.23,314.84,45
2025-09-14 10:13:46,Admin Block,82.61,663.06,24
2025-09-14 10:13:51,Cafeteria,30.14,393.94,31
2025-09-14 10:13:56,Cafeteria,73.89,639.31,50
2025-09-14 10:14:01,Library,97.25,763.39,43
2025-09-14 10:14:06,Cafeteria,38.39,966.02,86
2025-09-14 10:14:11,Library,26.82,997.67,62
2025-09-14 10:14:16,Main Hall,68.2,203.86,72
2025-09-14 10:14:21,Lab Building,82.32,894.6,59
2025-09-14 10:14:26,Library,58.39,417.41,90
2025-09-14 10:14:31,Lab Building,71.34,684.07,14
2025-09-14 10:14:36,Admin Block,42.87,939.27,12
2025-09-14 10:14:41,Lab Building,22.19,979.02,18
2025-09-14 10:14:46,Lab Building,47.55,444.77,87
2025-09-14 10:14:51,Lab Building,90.56,293.53,88
2025-09-14 10:14:56,Lab Building,26.04,350.71,35
2025-09-14 10:15:01,Admin Block,54.73,948.12,90
2025-09-14 10:15:06,Admin Block,76.03,486.35,18
2025-09-14 10:15:11,Library,73.42,780.6,20
2025-09-14 10:15:16,Lab Building,39.06,997.45,73
2025-09-14 10:15:21,Lab Building,58.79,229.72,100
2025-09-14 10:15:26,Main Hall,53.45,834.28,55
2025-09-14 10:15:31,Lab Building,81.57,683.18,13
2025-09-14 10:15:36,Main Hall,60.51,494.96,33
2025-09-14 10:15:41,Lab Building,82.71,813.53,57
2025-09-14 10:15:46,Library,39.86,832.12,76
2025-09-14 10:15:51,Library,41.11,752.58,50
2025-09-14 10:15:56,Main Hall,67.52,355.68,63
2025-09-14 10:16:01,Main Hall,61.61,459.68,40
2025-09-14 10:16:06,Lab Building,71.59,990.48,52
2025-09-14 10:16:11,Cafeteria,46.38,494.68,53
2025-09-14 10:16:16,Lab Building,74.56,703.18,76
2025-09-14 10:16:21,Cafeteria,51.82,642.11,33
2025-09-14 10:16:26,Library,20.48,848.56,92
2025-09-14 10:16:31,Lab Building,34.35,837.21,31
2025-09-14 10:16:36,Cafeteria,43.59,834.43,40
2025-09-14 10:16:41,Library,65.49,732.91,42
2025-09-14 10:16:46,Main Hall,84.92,712.18,37
2025-09-14 10:16:51,Lab Building,39.9,702.55,98
2025-09-14 10:16:56,Lab Building,49.06,925.55,33
2025-09-14 10:17:01,Admin Block,74.32,255.29,35
2025-09-14 10:17:06,Lab Building,37.37,261.29,35
2025-09-14 10:17:11,Cafeteria,55.66,955.38,20
2025-09-14 10:17:16,Lab Building,74.98,510.9,25
2025-09-14 10:17:21,Admin Block,97.03,681.45,29
2025-09-14 10:17:26,Lab Building,57.61,763.39,42
2025-09-14 10:17:31,Library,59.53,555.83,81
2025-09-14 10:17:36,Library,89.51,274.57,81
2025-09-14 10:17:41,Main Hall,48.5,715.0,41
2025-09-14 10:17:46,Cafeteria,43.7,676.94,91
2025-09-14 10:17:52,Main Hall,60.23,550.81,18
2025-09-14 10:17:57,Admin Block,85.67,965.49,96
2025-09-14 10:18:02,Library,80.51,616.05,34
2025-09-14 10:18:07,Admin Block,23.66,312.59,78
2025-09-14 10:18:12,Cafeteria,95.69,387.1,14
2025-09-14 10:18:17,Main Hall,31.33,777.9,69
2025-09-14 10:18:22,Main Hall,36.24,295.62,67
2025-09-14 10:18:27,Cafeteria,26.65,354.34,34
2025-09-14 10:18:32,Admin Block,83.33,478.29,47
2025-09-14 10:18:37,Lab Building,23.65,279.97,17
2025-09-14 10:18:42,Main Hall,83.19,810.34,96
2025-09-14 10:18:47,Cafeteria,76.53,712.52,82
2025-09-14 10:18:52,Lab Building,21.5,252.68,32
2025-09-14 10:18:57,Library,29.21,484.1,13
2025-09-14 10:19:02,Main Hall,59.96,296.77,18
2025-09-14 10:19:07,Admin Block,44.72,735.43,62
2025-09-14 10:19:12,Cafeteria,82.81,480.56,73
2025-09-14 10:19:17,Lab Building,41.77,684.11,56
2025-09-14 10:19:22,Library,99.75,354.04,59
2025-09-14 10:19:27,Main Hall,33.73,553.05,58
2025-09-14 10:19:32,Library,86.76,665.2,54
2025-09-14 10:19:37,Library,59.96,836.68,76
2025-09-14 10:19:42,Lab Building,61.13,722.19,31
2025-09-14 10:19:47,Lab Building,91.31,883.6,30
2025-09-14 10:19:52,Admin Block,47.81,945.46,20
2025-09-14 10:19:57,Library,94.19,417.1,85
2025-09-14 10:20:02,Main Hall,97.82,492.91,64
2025-09-14 10:20:07,Lab Building,60.77,391.83,68
2025-09-14 10:20:12,Lab Building,73.33,381.96,59
2025-09-14 10:20:17,Cafeteria,63.04,338.84,55
2025-09-14 10:20:22,Lab Building,81.23,253.36,83
2025-09-14 10:20:27,Lab Building,39.0,741.4,99
2025-09-14 10:20:32,Admin Block,32.4,983.59,83
2025-09-14 10:20:37,Admin Block,46.15,562.08,20
2025-09-14 10:20:42,Main Hall,87.12,826.41,80
2025-09-14 10:20:47,Main Hall,53.01,441.06,67
2025-09-14 10:20:52,Admin Block,76.84,958.79,89
2025-09-14 10:20:57,Library,82.36,213.7,94
2025-09-14 10:21:02,Admin Block,39.01,310.88,53
2025-09-14 10:21:07,Cafeteria,90.49,721.6,49
2025-09-14 10:21:12,Lab Building,99.51,455.39,76
2025-09-14 10:21:17,Admin Block,64.18,510.54,52
2025-09-14 10:21:22,Lab Building,89.35,562.98,80
2025-09-14 10:21:27,Main Hall,66.84,540.92,85
2025-09-14 10:21:32,Main Hall,46.39,306.73,34
2025-09-14 10:21:37,Admin Block,32.3,674.67,100
2025-09-14 10:21:42,Cafeteria,56.66,529.11,91
2025-09-14 10:21:47,Cafeteria,79.36,485.38,64
2025-09-14 10:21:52,Library,60.2,727.17,16
2025-09-14 10:21:57,Main Hall,46.59,682.03,67
2025-09-14 10:22:02,Admin Block,96.75,738.99,77
2025-09-14 10:22:07,Cafeteria,76.16,238.15,83
2025-09-14 10:22:12,Lab Building,73.45,954.11,60
2025-09-14 10:22:17,Admin Block,82.48,737.47,54
